LineId,DateTime,Pid,Content,EventId,EventTemplate,ParameterList
1,2020-04-03T18:17:55.039Z,189,"Apr  3 2020 18:19:01 H2-06-TOR %%01CLI/5/LOGIN(s):CID=0x80ca2716;The user succeeded in logging in to VTY0. (UserType=SSH, UserName=Snmpuser, AuthenticationMethod=\""Local-user\"", Ip=188.18.3.82, VpnName=MGMT)\r\n",7b96b823,"Apr <*> <*> <*>:<*>:<*> H2-<*>-TOR %%01CLI/<*>/LOGIN(s):CID=0x80ca2716;The user succeeded in logging in to VTY0. (UserType=SSH, UserName=Snmpuser, AuthenticationMethod=\""Local-user\"", Ip=<*>, VpnName=MGMT)\r\n","['', '3 2020 18', '19:01', '06', '5', '188.18.3.82']"
2,2020-04-03T18:17:55.417Z,189,"Apr  3 2020 18:19:01 H2-06-TOR %%01CLI/5/INTER_CMDRECORD(s):CID=0x80d22716;Recorded command information. (Task=vty0, Ip=188.18.3.82, VpnName=MGMT, User=snmpuser, Command=\""\"", PromptInfo=\""Warning: The initial password poses security risks.The password needs to be changed. Change now? [Y/N]:\"", UserInput=\""N\"".)\r\n",b39de4e5,"Apr <*> <*> <*>:<*>:<*> H2-<*>-TOR %%01CLI/<*>/INTER_CMDRECORD(s):CID=0x80d22716;Recorded command information. (Task=vty0, Ip=<*>, VpnName=MGMT, User=snmpuser, Command=\""\"", PromptInfo=\""Warning: The initial password poses security risks.The password needs to be changed. Change now? [Y/N]:\"", UserInput=\""N\"".)\r\n","['', '3 2020 18', '19:01', '06', '5', '188.18.3.82']"
3,2020-04-03T18:17:55.477Z,189,"Apr  3 2020 18:19:01 H2-06-TOR %%01SSH/5/SSH_USER_LOGIN(s):CID=0x80932722;The SSH user succeeded in logging in. (ServiceType=stelnet, UserName=Snmpuser, IPAddress=188.18.3.82, VPNInstanceName=MGMT.)\r\n",26d27c48,"Apr <*> <*> <*>:<*>:<*> H2-<*>-TOR %%01SSH/<*>/SSH_USER_LOGIN(s):CID=0x80932722;The SSH user succeeded in logging in. (ServiceType=stelnet, UserName=Snmpuser, IPAddress=<*>, VPNInstanceName=MGMT.)\r\n","['', '3 2020 18', '19:01', '06', '5', '188.18.3.82']"
4,2020-04-03T18:17:55.491Z,189,"Apr  3 2020 18:19:01 H2-06-TOR %%01SSH/5/SSH_INSECURE_LOGIN(s):CID=0x80932722;SSH server login is insecure. (ServiceType=stelnet, UserName=Snmpuser, IPAddress=188.18.3.82, VPNInstanceName=MGMT, Reason=Negotiated key exchange algorithm is not safe.)\r\n",3ec08c26,"Apr <*> <*> <*>:<*>:<*> H2-<*>-TOR %%01SSH/<*>/SSH_INSECURE_LOGIN(s):CID=0x80932722;SSH server login is insecure. (ServiceType=stelnet, UserName=Snmpuser, IPAddress=<*>, VPNInstanceName=MGMT, Reason=Negotiated key exchange algorithm is not safe.)\r\n","['', '3 2020 18', '19:01', '06', '5', '188.18.3.82']"
5,2020-04-03T18:17:55.855Z,189,"Apr  3 2020 18:19:02 H2-06-TOR %%01CLI/5/CMDRECORD(s):CID=0x80ca2716;Recorded command information. (Task=VTY0, Ip=188.18.3.82, VpnName=MGMT, User=Snmpuser, AuthenticationMethod=\""Local-user\"", Command=\""display esn\"".)\r\n",c7bb6e4e,"Apr <*> <*> <*>:<*>:<*> H2-<*>-TOR %%01CLI/<*>/CMDRECORD(s):CID=0x80ca2716;Recorded command information. (Task=VTY0, Ip=<*>, VpnName=MGMT, User=Snmpuser, AuthenticationMethod=\""Local-user\"", Command=\""display <*>","['', '3 2020 18', '19:02', '06', '5', '188.18.3.82', 'esn\\"".)\\r\\n']"
6,2020-04-03T18:17:56.311Z,189,"Apr  3 2020 18:19:02 H2-06-TOR %%01SSH/5/SSH_USER_LOGOUT(s):CID=0x80932722;The SSH user logged out. (ServiceType=stelnet, LogoutReason=Client requested disconnection, UserName=Snmpuser, IPAddress=188.18.3.82, VPNInstanceName=MGMT.)\r\n",19c4a48c,"Apr <*> <*> <*>:<*>:<*> H2-<*>-TOR %%01SSH/<*>/SSH_USER_LOGOUT(s):CID=0x80932722;The SSH user logged out. (ServiceType=stelnet, LogoutReason=Client requested disconnection, UserName=Snmpuser, IPAddress=<*>, VPNInstanceName=MGMT.)\r\n","['', '3 2020 18', '19:02', '06', '5', '188.18.3.82']"
7,2020-04-03T18:17:56.541Z,189,"Apr  3 2020 18:19:02 H2-06-TOR %%01CLI/5/CMDRECORD(s):CID=0x80ca2716;Recorded command information. (Task=VTY0, Ip=188.18.3.82, VpnName=MGMT, User=Snmpuser, AuthenticationMethod=\""Local-user\"", Command=\""quit\"".)\r\n",0fe5910b,"Apr <*> <*> <*>:<*>:<*> H2-<*>-TOR %%01CLI/<*>/CMDRECORD(s):CID=0x80ca2716;Recorded command information. (Task=VTY0, Ip=<*>, VpnName=MGMT, User=Snmpuser, AuthenticationMethod=\""Local-user\"", <*>","['', '3 2020 18', '19:02', '06', '5', '188.18.3.82', 'Command=\\""quit\\"".)\\r\\n']"
8,2020-04-03T18:17:56.549Z,189,"Apr  3 2020 18:19:02 H2-06-TOR %%01CLI/5/LOGOUT(s):CID=0x80ca2716;The user succeeded in logging out of VTY0. (UserType=SSH, UserName=Snmpuser, Ip=188.18.3.82, VpnName=MGMT, Reason=the terminal was closed)\r\n",c80b00e6,"Apr <*> <*> <*>:<*>:<*> H2-<*>-TOR %%01CLI/<*>/LOGOUT(s):CID=0x80ca2716;The user succeeded in logging out of VTY0. (UserType=SSH, UserName=Snmpuser, Ip=<*>, VpnName=MGMT, Reason=the terminal was closed)\r\n","['', '3 2020 18', '19:02', '06', '5', '188.18.3.82']"
9,2020-04-03T18:17:56.549Z,189,"Apr  3 2020 18:19:02 H2-06-TOR %%01CLI/5/LOGOUT(s):CID=0x80ca2716;The user succeeded in logging out of VTY0. (UserType=SSH, UserName=Snmpuser, Ip=188.18.3.82, VpnName=MGMT, Reason=the user inputted quit command)\r\n",1c5084f3,"Apr <*> <*> <*>:<*>:<*> H2-<*>-TOR %%01CLI/<*>/LOGOUT(s):CID=0x80ca2716;The user succeeded in logging out of VTY0. (UserType=SSH, UserName=Snmpuser, Ip=<*>, VpnName=MGMT, Reason=the user inputted quit command)\r\n","['', '3 2020 18', '19:02', '06', '5', '188.18.3.82']"
10,2020-04-03T18:18:34.289Z,189,"Apr  3 2020 18:19:40 H2-06-TOR %%01CLI/5/INTER_CMDRECORD(s):CID=0x80d22716;Recorded command information. (Task=vty0, Ip=188.18.3.82, VpnName=MGMT, User=snmpuser, Command=\""\"", PromptInfo=\""Warning: The initial password poses security risks.The password needs to be changed. Change now? [Y/N]:\"", UserInput=\""N\"".)\r\n",b39de4e5,"Apr <*> <*> <*>:<*>:<*> H2-<*>-TOR %%01CLI/<*>/INTER_CMDRECORD(s):CID=0x80d22716;Recorded command information. (Task=vty0, Ip=<*>, VpnName=MGMT, User=snmpuser, Command=\""\"", PromptInfo=\""Warning: The initial password poses security risks.The password needs to be changed. Change now? [Y/N]:\"", UserInput=\""N\"".)\r\n","['', '3 2020 18', '19:40', '06', '5', '188.18.3.82']"
11,2020-04-03T18:18:34.291Z,189,"Apr  3 2020 18:19:40 H2-06-TOR %%01SSH/5/SSH_USER_LOGIN(s):CID=0x80932722;The SSH user succeeded in logging in. (ServiceType=stelnet, UserName=Snmpuser, IPAddress=188.18.3.82, VPNInstanceName=MGMT.)\r\n",26d27c48,"Apr <*> <*> <*>:<*>:<*> H2-<*>-TOR %%01SSH/<*>/SSH_USER_LOGIN(s):CID=0x80932722;The SSH user succeeded in logging in. (ServiceType=stelnet, UserName=Snmpuser, IPAddress=<*>, VPNInstanceName=MGMT.)\r\n","['', '3 2020 18', '19:40', '06', '5', '188.18.3.82']"
12,2020-04-03T18:18:34.293Z,189,"Apr  3 2020 18:19:40 H2-06-TOR %%01SSH/5/SSH_INSECURE_LOGIN(s):CID=0x80932722;SSH server login is insecure. (ServiceType=stelnet, UserName=Snmpuser, IPAddress=188.18.3.82, VPNInstanceName=MGMT, Reason=Negotiated key exchange algorithm is not safe.)\r\n",3ec08c26,"Apr <*> <*> <*>:<*>:<*> H2-<*>-TOR %%01SSH/<*>/SSH_INSECURE_LOGIN(s):CID=0x80932722;SSH server login is insecure. (ServiceType=stelnet, UserName=Snmpuser, IPAddress=<*>, VPNInstanceName=MGMT, Reason=Negotiated key exchange algorithm is not safe.)\r\n","['', '3 2020 18', '19:40', '06', '5', '188.18.3.82']"
13,2020-04-03T18:18:34.510Z,189,"Apr  3 2020 18:19:40 H2-06-TOR %%01CLI/5/LOGIN(s):CID=0x80ca2716;The user succeeded in logging in to VTY0. (UserType=SSH, UserName=Snmpuser, AuthenticationMethod=\""Local-user\"", Ip=188.18.3.82, VpnName=MGMT)\r\n",7b96b823,"Apr <*> <*> <*>:<*>:<*> H2-<*>-TOR %%01CLI/<*>/LOGIN(s):CID=0x80ca2716;The user succeeded in logging in to VTY0. (UserType=SSH, UserName=Snmpuser, AuthenticationMethod=\""Local-user\"", Ip=<*>, VpnName=MGMT)\r\n","['', '3 2020 18', '19:40', '06', '5', '188.18.3.82']"
14,2020-04-03T18:18:34.712Z,189,"Apr  3 2020 18:19:41 H2-06-TOR %%01CLI/5/CMDRECORD(s):CID=0x80ca2716;Recorded command information. (Task=VTY0, Ip=188.18.3.82, VpnName=MGMT, User=Snmpuser, AuthenticationMethod=\""Local-user\"", Command=\""system-view\"".)\r\n",0fe5910b,"Apr <*> <*> <*>:<*>:<*> H2-<*>-TOR %%01CLI/<*>/CMDRECORD(s):CID=0x80ca2716;Recorded command information. (Task=VTY0, Ip=<*>, VpnName=MGMT, User=Snmpuser, AuthenticationMethod=\""Local-user\"", <*>","['', '3 2020 18', '19:41', '06', '5', '188.18.3.82', 'Command=\\""system-view\\"".)\\r\\n']"
15,2020-04-03T18:18:35.516Z,189,"Apr  3 2020 18:19:41 H2-06-TOR %%01CLI/5/CMDRECORD(s):CID=0x80ca2716;Recorded command information. (Task=VTY0, Ip=188.18.3.82, VpnName=MGMT, User=Snmpuser, AuthenticationMethod=\""Local-user\"", Command=\""display vlan\"".)\r\n",c7bb6e4e,"Apr <*> <*> <*>:<*>:<*> H2-<*>-TOR %%01CLI/<*>/CMDRECORD(s):CID=0x80ca2716;Recorded command information. (Task=VTY0, Ip=<*>, VpnName=MGMT, User=Snmpuser, AuthenticationMethod=\""Local-user\"", Command=\""display <*>","['', '3 2020 18', '19:41', '06', '5', '188.18.3.82', 'vlan\\"".)\\r\\n']"
16,2020-04-03T18:18:39.288Z,189,"Apr  3 2020 18:19:45 H2-06-TOR %%01SSH/5/SSH_USER_LOGOUT(s):CID=0x80932722;The SSH user logged out. (ServiceType=stelnet, LogoutReason=Client requested disconnection, UserName=Snmpuser, IPAddress=188.18.3.82, VPNInstanceName=MGMT.)\r\n",19c4a48c,"Apr <*> <*> <*>:<*>:<*> H2-<*>-TOR %%01SSH/<*>/SSH_USER_LOGOUT(s):CID=0x80932722;The SSH user logged out. (ServiceType=stelnet, LogoutReason=Client requested disconnection, UserName=Snmpuser, IPAddress=<*>, VPNInstanceName=MGMT.)\r\n","['', '3 2020 18', '19:45', '06', '5', '188.18.3.82']"
17,2020-04-03T18:18:39.526Z,189,"Apr  3 2020 18:19:45 H2-06-TOR %%01CLI/5/CMDRECORDFAILED(s):CID=0x80ca2716;Recorded command information. (Task=VTY0, Ip=188.18.3.82, VpnName=MGMT, User=Snmpuser, AuthenticationMethod=\""Local-user\"", Command=\""quit\"", Result=Command was interrupted.)\r\n",3381cf61,"Apr <*> <*> <*>:<*>:<*> H2-<*>-TOR %%01CLI/<*>/CMDRECORDFAILED(s):CID=0x80ca2716;Recorded command information. (Task=VTY0, Ip=<*>, VpnName=MGMT, User=Snmpuser, AuthenticationMethod=\""Local-user\"", Command=\""quit\"", Result=Command was interrupted.)\r\n","['', '3 2020 18', '19:45', '06', '5', '188.18.3.82']"
18,2020-04-03T18:18:39.526Z,189,"Apr  3 2020 18:19:45 H2-06-TOR %%01CLI/5/CMDRECORD(s):CID=0x80ca2716;Recorded command information. (Task=VTY0, Ip=188.18.3.82, VpnName=MGMT, User=Snmpuser, AuthenticationMethod=\""Local-user\"", Command=\""quit\"".)\r\n",0fe5910b,"Apr <*> <*> <*>:<*>:<*> H2-<*>-TOR %%01CLI/<*>/CMDRECORD(s):CID=0x80ca2716;Recorded command information. (Task=VTY0, Ip=<*>, VpnName=MGMT, User=Snmpuser, AuthenticationMethod=\""Local-user\"", <*>","['', '3 2020 18', '19:45', '06', '5', '188.18.3.82', 'Command=\\""quit\\"".)\\r\\n']"
19,2020-04-03T18:18:39.529Z,189,"Apr  3 2020 18:19:45 H2-06-TOR %%01CLI/5/LOGOUT(s):CID=0x80ca2716;The user succeeded in logging out of VTY0. (UserType=SSH, UserName=Snmpuser, Ip=188.18.3.82, VpnName=MGMT, Reason=the terminal was closed)\r\n",c80b00e6,"Apr <*> <*> <*>:<*>:<*> H2-<*>-TOR %%01CLI/<*>/LOGOUT(s):CID=0x80ca2716;The user succeeded in logging out of VTY0. (UserType=SSH, UserName=Snmpuser, Ip=<*>, VpnName=MGMT, Reason=the terminal was closed)\r\n","['', '3 2020 18', '19:45', '06', '5', '188.18.3.82']"
20,2020-04-04T10:32:57.767Z,188,Apr  4 2020 10:34:03 H2-06-TOR %%01INFO/4/hwICLogFileAging(t):CID=0x80600402-OID=1.3.6.1.4.1.2011.5.25.212.2.2;One log file was deleted due to aging.(LogFileName=1#flash:/logfile/diaglog_1_20200128013631.log.zip)\r\n,06ecb33e,Apr <*> <*> <*>:<*>:<*> H2-<*>-TOR %%01INFO/<*>/hwICLogFileAging(t):CID=0x80600402-OID=<*>.<*>.<*>;One log file was deleted due to aging.(LogFileName=<*>#flash:/logfile/diaglog_<*>_<*>.log.zip)\r\n,"['', '4 2020 10', '34:03', '06', '4', '1', '3.6.1.4.1.2011.5.25.212.2.2', '1', '1_20200128013631']"
21,2020-04-04T18:17:54.228Z,189,"Apr  4 2020 18:19:00 H2-06-TOR %%01SSH/5/SSH_USER_LOGIN(s):CID=0x80932722;The SSH user succeeded in logging in. (ServiceType=stelnet, UserName=Snmpuser, IPAddress=188.18.3.82, VPNInstanceName=MGMT.)\r\n",26d27c48,"Apr <*> <*> <*>:<*>:<*> H2-<*>-TOR %%01SSH/<*>/SSH_USER_LOGIN(s):CID=0x80932722;The SSH user succeeded in logging in. (ServiceType=stelnet, UserName=Snmpuser, IPAddress=<*>, VPNInstanceName=MGMT.)\r\n","['', '4 2020 18', '19:00', '06', '5', '188.18.3.82']"
22,2020-04-04T18:17:54.228Z,189,"Apr  4 2020 18:19:00 H2-06-TOR %%01CLI/5/INTER_CMDRECORD(s):CID=0x80d22716;Recorded command information. (Task=vty0, Ip=188.18.3.82, VpnName=MGMT, User=snmpuser, Command=\""\"", PromptInfo=\""Warning: The initial password poses security risks.The password needs to be changed. Change now? [Y/N]:\"", UserInput=\""N\"".)\r\n",b39de4e5,"Apr <*> <*> <*>:<*>:<*> H2-<*>-TOR %%01CLI/<*>/INTER_CMDRECORD(s):CID=0x80d22716;Recorded command information. (Task=vty0, Ip=<*>, VpnName=MGMT, User=snmpuser, Command=\""\"", PromptInfo=\""Warning: The initial password poses security risks.The password needs to be changed. Change now? [Y/N]:\"", UserInput=\""N\"".)\r\n","['', '4 2020 18', '19:00', '06', '5', '188.18.3.82']"
23,2020-04-04T18:17:54.229Z,189,"Apr  4 2020 18:19:00 H2-06-TOR %%01SSH/5/SSH_INSECURE_LOGIN(s):CID=0x80932722;SSH server login is insecure. (ServiceType=stelnet, UserName=Snmpuser, IPAddress=188.18.3.82, VPNInstanceName=MGMT, Reason=Negotiated key exchange algorithm is not safe.)\r\n",3ec08c26,"Apr <*> <*> <*>:<*>:<*> H2-<*>-TOR %%01SSH/<*>/SSH_INSECURE_LOGIN(s):CID=0x80932722;SSH server login is insecure. (ServiceType=stelnet, UserName=Snmpuser, IPAddress=<*>, VPNInstanceName=MGMT, Reason=Negotiated key exchange algorithm is not safe.)\r\n","['', '4 2020 18', '19:00', '06', '5', '188.18.3.82']"
24,2020-04-04T18:17:54.229Z,189,"Apr  4 2020 18:19:01 H2-06-TOR %%01CLI/5/LOGIN(s):CID=0x80ca2716;The user succeeded in logging in to VTY0. (UserType=SSH, UserName=Snmpuser, AuthenticationMethod=\""Local-user\"", Ip=188.18.3.82, VpnName=MGMT)\r\n",7b96b823,"Apr <*> <*> <*>:<*>:<*> H2-<*>-TOR %%01CLI/<*>/LOGIN(s):CID=0x80ca2716;The user succeeded in logging in to VTY0. (UserType=SSH, UserName=Snmpuser, AuthenticationMethod=\""Local-user\"", Ip=<*>, VpnName=MGMT)\r\n","['', '4 2020 18', '19:01', '06', '5', '188.18.3.82']"
25,2020-04-04T18:17:54.443Z,189,"Apr  4 2020 18:19:01 H2-06-TOR %%01SSH/5/SSH_USER_LOGOUT(s):CID=0x80932722;The SSH user logged out. (ServiceType=stelnet, LogoutReason=Client requested disconnection, UserName=Snmpuser, IPAddress=188.18.3.82, VPNInstanceName=MGMT.)\r\n",19c4a48c,"Apr <*> <*> <*>:<*>:<*> H2-<*>-TOR %%01SSH/<*>/SSH_USER_LOGOUT(s):CID=0x80932722;The SSH user logged out. (ServiceType=stelnet, LogoutReason=Client requested disconnection, UserName=Snmpuser, IPAddress=<*>, VPNInstanceName=MGMT.)\r\n","['', '4 2020 18', '19:01', '06', '5', '188.18.3.82']"
26,2020-04-04T18:17:54.612Z,189,"Apr  4 2020 18:19:01 H2-06-TOR %%01CLI/5/CMDRECORD(s):CID=0x80ca2716;Recorded command information. (Task=VTY0, Ip=188.18.3.82, VpnName=MGMT, User=Snmpuser, AuthenticationMethod=\""Local-user\"", Command=\""display esn\"".)\r\n",c7bb6e4e,"Apr <*> <*> <*>:<*>:<*> H2-<*>-TOR %%01CLI/<*>/CMDRECORD(s):CID=0x80ca2716;Recorded command information. (Task=VTY0, Ip=<*>, VpnName=MGMT, User=Snmpuser, AuthenticationMethod=\""Local-user\"", Command=\""display <*>","['', '4 2020 18', '19:01', '06', '5', '188.18.3.82', 'esn\\"".)\\r\\n']"
27,2020-04-04T18:17:54.612Z,189,"Apr  4 2020 18:19:01 H2-06-TOR %%01CLI/5/CMDRECORD(s):CID=0x80ca2716;Recorded command information. (Task=VTY0, Ip=188.18.3.82, VpnName=MGMT, User=Snmpuser, AuthenticationMethod=\""Local-user\"", Command=\""quit\"".)\r\n",0fe5910b,"Apr <*> <*> <*>:<*>:<*> H2-<*>-TOR %%01CLI/<*>/CMDRECORD(s):CID=0x80ca2716;Recorded command information. (Task=VTY0, Ip=<*>, VpnName=MGMT, User=Snmpuser, AuthenticationMethod=\""Local-user\"", <*>","['', '4 2020 18', '19:01', '06', '5', '188.18.3.82', 'Command=\\""quit\\"".)\\r\\n']"
28,2020-04-04T18:17:54.628Z,189,"Apr  4 2020 18:19:01 H2-06-TOR %%01CLI/5/LOGOUT(s):CID=0x80ca2716;The user succeeded in logging out of VTY0. (UserType=SSH, UserName=Snmpuser, Ip=188.18.3.82, VpnName=MGMT, Reason=the user inputted quit command)\r\n",1c5084f3,"Apr <*> <*> <*>:<*>:<*> H2-<*>-TOR %%01CLI/<*>/LOGOUT(s):CID=0x80ca2716;The user succeeded in logging out of VTY0. (UserType=SSH, UserName=Snmpuser, Ip=<*>, VpnName=MGMT, Reason=the user inputted quit command)\r\n","['', '4 2020 18', '19:01', '06', '5', '188.18.3.82']"
29,2020-04-04T18:17:54.628Z,189,"Apr  4 2020 18:19:01 H2-06-TOR %%01CLI/5/LOGOUT(s):CID=0x80ca2716;The user succeeded in logging out of VTY0. (UserType=SSH, UserName=Snmpuser, Ip=188.18.3.82, VpnName=MGMT, Reason=the terminal was closed)\r\n",c80b00e6,"Apr <*> <*> <*>:<*>:<*> H2-<*>-TOR %%01CLI/<*>/LOGOUT(s):CID=0x80ca2716;The user succeeded in logging out of VTY0. (UserType=SSH, UserName=Snmpuser, Ip=<*>, VpnName=MGMT, Reason=the terminal was closed)\r\n","['', '4 2020 18', '19:01', '06', '5', '188.18.3.82']"
30,2020-04-04T18:18:22.961Z,189,"Apr  4 2020 18:19:30 H2-06-TOR %%01CLI/5/LOGIN(s):CID=0x80ca2716;The user succeeded in logging in to VTY0. (UserType=SSH, UserName=Snmpuser, AuthenticationMethod=\""Local-user\"", Ip=188.18.3.82, VpnName=MGMT)\r\n",7b96b823,"Apr <*> <*> <*>:<*>:<*> H2-<*>-TOR %%01CLI/<*>/LOGIN(s):CID=0x80ca2716;The user succeeded in logging in to VTY0. (UserType=SSH, UserName=Snmpuser, AuthenticationMethod=\""Local-user\"", Ip=<*>, VpnName=MGMT)\r\n","['', '4 2020 18', '19:30', '06', '5', '188.18.3.82']"
31,2020-04-04T18:18:23.437Z,189,"Apr  4 2020 18:19:30 H2-06-TOR %%01CLI/5/INTER_CMDRECORD(s):CID=0x80d22716;Recorded command information. (Task=vty0, Ip=188.18.3.82, VpnName=MGMT, User=snmpuser, Command=\""\"", PromptInfo=\""Warning: The initial password poses security risks.The password needs to be changed. Change now? [Y/N]:\"", UserInput=\""N\"".)\r\n",b39de4e5,"Apr <*> <*> <*>:<*>:<*> H2-<*>-TOR %%01CLI/<*>/INTER_CMDRECORD(s):CID=0x80d22716;Recorded command information. (Task=vty0, Ip=<*>, VpnName=MGMT, User=snmpuser, Command=\""\"", PromptInfo=\""Warning: The initial password poses security risks.The password needs to be changed. Change now? [Y/N]:\"", UserInput=\""N\"".)\r\n","['', '4 2020 18', '19:30', '06', '5', '188.18.3.82']"
32,2020-04-04T18:18:23.438Z,189,"Apr  4 2020 18:19:30 H2-06-TOR %%01SSH/5/SSH_USER_LOGIN(s):CID=0x80932722;The SSH user succeeded in logging in. (ServiceType=stelnet, UserName=Snmpuser, IPAddress=188.18.3.82, VPNInstanceName=MGMT.)\r\n",26d27c48,"Apr <*> <*> <*>:<*>:<*> H2-<*>-TOR %%01SSH/<*>/SSH_USER_LOGIN(s):CID=0x80932722;The SSH user succeeded in logging in. (ServiceType=stelnet, UserName=Snmpuser, IPAddress=<*>, VPNInstanceName=MGMT.)\r\n","['', '4 2020 18', '19:30', '06', '5', '188.18.3.82']"
33,2020-04-04T18:18:23.442Z,189,"Apr  4 2020 18:19:30 H2-06-TOR %%01SSH/5/SSH_INSECURE_LOGIN(s):CID=0x80932722;SSH server login is insecure. (ServiceType=stelnet, UserName=Snmpuser, IPAddress=188.18.3.82, VPNInstanceName=MGMT, Reason=Negotiated key exchange algorithm is not safe.)\r\n",3ec08c26,"Apr <*> <*> <*>:<*>:<*> H2-<*>-TOR %%01SSH/<*>/SSH_INSECURE_LOGIN(s):CID=0x80932722;SSH server login is insecure. (ServiceType=stelnet, UserName=Snmpuser, IPAddress=<*>, VPNInstanceName=MGMT, Reason=Negotiated key exchange algorithm is not safe.)\r\n","['', '4 2020 18', '19:30', '06', '5', '188.18.3.82']"
34,2020-04-04T18:18:23.567Z,189,"Apr  4 2020 18:19:31 H2-06-TOR %%01CLI/5/CMDRECORD(s):CID=0x80ca2716;Recorded command information. (Task=VTY0, Ip=188.18.3.82, VpnName=MGMT, User=Snmpuser, AuthenticationMethod=\""Local-user\"", Command=\""system-view\"".)\r\n",0fe5910b,"Apr <*> <*> <*>:<*>:<*> H2-<*>-TOR %%01CLI/<*>/CMDRECORD(s):CID=0x80ca2716;Recorded command information. (Task=VTY0, Ip=<*>, VpnName=MGMT, User=Snmpuser, AuthenticationMethod=\""Local-user\"", <*>","['', '4 2020 18', '19:31', '06', '5', '188.18.3.82', 'Command=\\""system-view\\"".)\\r\\n']"
35,2020-04-04T18:18:24.579Z,189,"Apr  4 2020 18:19:31 H2-06-TOR %%01CLI/5/CMDRECORD(s):CID=0x80ca2716;Recorded command information. (Task=VTY0, Ip=188.18.3.82, VpnName=MGMT, User=Snmpuser, AuthenticationMethod=\""Local-user\"", Command=\""display vlan\"".)\r\n",c7bb6e4e,"Apr <*> <*> <*>:<*>:<*> H2-<*>-TOR %%01CLI/<*>/CMDRECORD(s):CID=0x80ca2716;Recorded command information. (Task=VTY0, Ip=<*>, VpnName=MGMT, User=Snmpuser, AuthenticationMethod=\""Local-user\"", Command=\""display <*>","['', '4 2020 18', '19:31', '06', '5', '188.18.3.82', 'vlan\\"".)\\r\\n']"
36,2020-04-04T18:18:28.439Z,189,"Apr  4 2020 18:19:35 H2-06-TOR %%01SSH/5/SSH_USER_LOGOUT(s):CID=0x80932722;The SSH user logged out. (ServiceType=stelnet, LogoutReason=Client requested disconnection, UserName=Snmpuser, IPAddress=188.18.3.82, VPNInstanceName=MGMT.)\r\n",19c4a48c,"Apr <*> <*> <*>:<*>:<*> H2-<*>-TOR %%01SSH/<*>/SSH_USER_LOGOUT(s):CID=0x80932722;The SSH user logged out. (ServiceType=stelnet, LogoutReason=Client requested disconnection, UserName=Snmpuser, IPAddress=<*>, VPNInstanceName=MGMT.)\r\n","['', '4 2020 18', '19:35', '06', '5', '188.18.3.82']"
37,2020-04-04T18:18:28.573Z,189,"Apr  4 2020 18:19:35 H2-06-TOR %%01CLI/5/CMDRECORDFAILED(s):CID=0x80ca2716;Recorded command information. (Task=VTY0, Ip=188.18.3.82, VpnName=MGMT, User=Snmpuser, AuthenticationMethod=\""Local-user\"", Command=\""quit\"", Result=Command was interrupted.)\r\n",3381cf61,"Apr <*> <*> <*>:<*>:<*> H2-<*>-TOR %%01CLI/<*>/CMDRECORDFAILED(s):CID=0x80ca2716;Recorded command information. (Task=VTY0, Ip=<*>, VpnName=MGMT, User=Snmpuser, AuthenticationMethod=\""Local-user\"", Command=\""quit\"", Result=Command was interrupted.)\r\n","['', '4 2020 18', '19:35', '06', '5', '188.18.3.82']"
38,2020-04-04T18:18:28.573Z,189,"Apr  4 2020 18:19:35 H2-06-TOR %%01CLI/5/CMDRECORD(s):CID=0x80ca2716;Recorded command information. (Task=VTY0, Ip=188.18.3.82, VpnName=MGMT, User=Snmpuser, AuthenticationMethod=\""Local-user\"", Command=\""quit\"".)\r\n",0fe5910b,"Apr <*> <*> <*>:<*>:<*> H2-<*>-TOR %%01CLI/<*>/CMDRECORD(s):CID=0x80ca2716;Recorded command information. (Task=VTY0, Ip=<*>, VpnName=MGMT, User=Snmpuser, AuthenticationMethod=\""Local-user\"", <*>","['', '4 2020 18', '19:35', '06', '5', '188.18.3.82', 'Command=\\""quit\\"".)\\r\\n']"
39,2020-04-04T18:18:28.574Z,189,"Apr  4 2020 18:19:35 H2-06-TOR %%01CLI/5/LOGOUT(s):CID=0x80ca2716;The user succeeded in logging out of VTY0. (UserType=SSH, UserName=Snmpuser, Ip=188.18.3.82, VpnName=MGMT, Reason=the terminal was closed)\r\n",c80b00e6,"Apr <*> <*> <*>:<*>:<*> H2-<*>-TOR %%01CLI/<*>/LOGOUT(s):CID=0x80ca2716;The user succeeded in logging out of VTY0. (UserType=SSH, UserName=Snmpuser, Ip=<*>, VpnName=MGMT, Reason=the terminal was closed)\r\n","['', '4 2020 18', '19:35', '06', '5', '188.18.3.82']"
40,2020-04-05T18:17:53.174Z,189,"Apr  5 2020 18:19:00 H2-06-TOR %%01CLI/5/INTER_CMDRECORD(s):CID=0x80d22716;Recorded command information. (Task=vty0, Ip=188.18.3.82, VpnName=MGMT, User=snmpuser, Command=\""\"", PromptInfo=\""Warning: The initial password poses security risks.The password needs to be changed. Change now? [Y/N]:\"", UserInput=\""N\"".)\r\n",b39de4e5,"Apr <*> <*> <*>:<*>:<*> H2-<*>-TOR %%01CLI/<*>/INTER_CMDRECORD(s):CID=0x80d22716;Recorded command information. (Task=vty0, Ip=<*>, VpnName=MGMT, User=snmpuser, Command=\""\"", PromptInfo=\""Warning: The initial password poses security risks.The password needs to be changed. Change now? [Y/N]:\"", UserInput=\""N\"".)\r\n","['', '5 2020 18', '19:00', '06', '5', '188.18.3.82']"
41,2020-04-05T18:17:53.174Z,189,"Apr  5 2020 18:19:00 H2-06-TOR %%01SSH/5/SSH_USER_LOGIN(s):CID=0x80932722;The SSH user succeeded in logging in. (ServiceType=stelnet, UserName=Snmpuser, IPAddress=188.18.3.82, VPNInstanceName=MGMT.)\r\n",26d27c48,"Apr <*> <*> <*>:<*>:<*> H2-<*>-TOR %%01SSH/<*>/SSH_USER_LOGIN(s):CID=0x80932722;The SSH user succeeded in logging in. (ServiceType=stelnet, UserName=Snmpuser, IPAddress=<*>, VPNInstanceName=MGMT.)\r\n","['', '5 2020 18', '19:00', '06', '5', '188.18.3.82']"
42,2020-04-05T18:17:53.175Z,189,"Apr  5 2020 18:19:00 H2-06-TOR %%01SSH/5/SSH_INSECURE_LOGIN(s):CID=0x80932722;SSH server login is insecure. (ServiceType=stelnet, UserName=Snmpuser, IPAddress=188.18.3.82, VPNInstanceName=MGMT, Reason=Negotiated key exchange algorithm is not safe.)\r\n",3ec08c26,"Apr <*> <*> <*>:<*>:<*> H2-<*>-TOR %%01SSH/<*>/SSH_INSECURE_LOGIN(s):CID=0x80932722;SSH server login is insecure. (ServiceType=stelnet, UserName=Snmpuser, IPAddress=<*>, VPNInstanceName=MGMT, Reason=Negotiated key exchange algorithm is not safe.)\r\n","['', '5 2020 18', '19:00', '06', '5', '188.18.3.82']"
43,2020-04-05T18:17:53.175Z,189,"Apr  5 2020 18:19:00 H2-06-TOR %%01CLI/5/LOGIN(s):CID=0x80ca2716;The user succeeded in logging in to VTY0. (UserType=SSH, UserName=Snmpuser, AuthenticationMethod=\""Local-user\"", Ip=188.18.3.82, VpnName=MGMT)\r\n",7b96b823,"Apr <*> <*> <*>:<*>:<*> H2-<*>-TOR %%01CLI/<*>/LOGIN(s):CID=0x80ca2716;The user succeeded in logging in to VTY0. (UserType=SSH, UserName=Snmpuser, AuthenticationMethod=\""Local-user\"", Ip=<*>, VpnName=MGMT)\r\n","['', '5 2020 18', '19:00', '06', '5', '188.18.3.82']"
44,2020-04-05T18:17:53.522Z,189,"Apr  5 2020 18:19:01 H2-06-TOR %%01SSH/5/SSH_USER_LOGOUT(s):CID=0x80932722;The SSH user logged out. (ServiceType=stelnet, LogoutReason=Client requested disconnection, UserName=Snmpuser, IPAddress=188.18.3.82, VPNInstanceName=MGMT.)\r\n",19c4a48c,"Apr <*> <*> <*>:<*>:<*> H2-<*>-TOR %%01SSH/<*>/SSH_USER_LOGOUT(s):CID=0x80932722;The SSH user logged out. (ServiceType=stelnet, LogoutReason=Client requested disconnection, UserName=Snmpuser, IPAddress=<*>, VPNInstanceName=MGMT.)\r\n","['', '5 2020 18', '19:01', '06', '5', '188.18.3.82']"
45,2020-04-05T18:17:53.727Z,189,"Apr  5 2020 18:19:01 H2-06-TOR %%01CLI/5/CMDRECORD(s):CID=0x80ca2716;Recorded command information. (Task=VTY0, Ip=188.18.3.82, VpnName=MGMT, User=Snmpuser, AuthenticationMethod=\""Local-user\"", Command=\""display esn\"".)\r\n",c7bb6e4e,"Apr <*> <*> <*>:<*>:<*> H2-<*>-TOR %%01CLI/<*>/CMDRECORD(s):CID=0x80ca2716;Recorded command information. (Task=VTY0, Ip=<*>, VpnName=MGMT, User=Snmpuser, AuthenticationMethod=\""Local-user\"", Command=\""display <*>","['', '5 2020 18', '19:01', '06', '5', '188.18.3.82', 'esn\\"".)\\r\\n']"
46,2020-04-05T18:17:53.728Z,189,"Apr  5 2020 18:19:01 H2-06-TOR %%01CLI/5/CMDRECORD(s):CID=0x80ca2716;Recorded command information. (Task=VTY0, Ip=188.18.3.82, VpnName=MGMT, User=Snmpuser, AuthenticationMethod=\""Local-user\"", Command=\""quit\"".)\r\n",0fe5910b,"Apr <*> <*> <*>:<*>:<*> H2-<*>-TOR %%01CLI/<*>/CMDRECORD(s):CID=0x80ca2716;Recorded command information. (Task=VTY0, Ip=<*>, VpnName=MGMT, User=Snmpuser, AuthenticationMethod=\""Local-user\"", <*>","['', '5 2020 18', '19:01', '06', '5', '188.18.3.82', 'Command=\\""quit\\"".)\\r\\n']"
47,2020-04-05T18:17:53.743Z,189,"Apr  5 2020 18:19:01 H2-06-TOR %%01CLI/5/LOGOUT(s):CID=0x80ca2716;The user succeeded in logging out of VTY0. (UserType=SSH, UserName=Snmpuser, Ip=188.18.3.82, VpnName=MGMT, Reason=the user inputted quit command)\r\n",1c5084f3,"Apr <*> <*> <*>:<*>:<*> H2-<*>-TOR %%01CLI/<*>/LOGOUT(s):CID=0x80ca2716;The user succeeded in logging out of VTY0. (UserType=SSH, UserName=Snmpuser, Ip=<*>, VpnName=MGMT, Reason=the user inputted quit command)\r\n","['', '5 2020 18', '19:01', '06', '5', '188.18.3.82']"
48,2020-04-05T18:17:53.744Z,189,"Apr  5 2020 18:19:01 H2-06-TOR %%01CLI/5/LOGOUT(s):CID=0x80ca2716;The user succeeded in logging out of VTY0. (UserType=SSH, UserName=Snmpuser, Ip=188.18.3.82, VpnName=MGMT, Reason=the terminal was closed)\r\n",c80b00e6,"Apr <*> <*> <*>:<*>:<*> H2-<*>-TOR %%01CLI/<*>/LOGOUT(s):CID=0x80ca2716;The user succeeded in logging out of VTY0. (UserType=SSH, UserName=Snmpuser, Ip=<*>, VpnName=MGMT, Reason=the terminal was closed)\r\n","['', '5 2020 18', '19:01', '06', '5', '188.18.3.82']"
49,2020-04-05T18:18:31.444Z,189,"Apr  5 2020 18:19:39 H2-06-TOR %%01SSH/5/SSH_USER_LOGIN(s):CID=0x80932722;The SSH user succeeded in logging in. (ServiceType=stelnet, UserName=Snmpuser, IPAddress=188.18.3.82, VPNInstanceName=MGMT.)\r\n",26d27c48,"Apr <*> <*> <*>:<*>:<*> H2-<*>-TOR %%01SSH/<*>/SSH_USER_LOGIN(s):CID=0x80932722;The SSH user succeeded in logging in. (ServiceType=stelnet, UserName=Snmpuser, IPAddress=<*>, VPNInstanceName=MGMT.)\r\n","['', '5 2020 18', '19:39', '06', '5', '188.18.3.82']"
50,2020-04-05T18:18:31.444Z,189,"Apr  5 2020 18:19:39 H2-06-TOR %%01CLI/5/INTER_CMDRECORD(s):CID=0x80d22716;Recorded command information. (Task=vty0, Ip=188.18.3.82, VpnName=MGMT, User=snmpuser, Command=\""\"", PromptInfo=\""Warning: The initial password poses security risks.The password needs to be changed. Change now? [Y/N]:\"", UserInput=\""N\"".)\r\n",b39de4e5,"Apr <*> <*> <*>:<*>:<*> H2-<*>-TOR %%01CLI/<*>/INTER_CMDRECORD(s):CID=0x80d22716;Recorded command information. (Task=vty0, Ip=<*>, VpnName=MGMT, User=snmpuser, Command=\""\"", PromptInfo=\""Warning: The initial password poses security risks.The password needs to be changed. Change now? [Y/N]:\"", UserInput=\""N\"".)\r\n","['', '5 2020 18', '19:39', '06', '5', '188.18.3.82']"
51,2020-04-05T18:18:31.451Z,189,"Apr  5 2020 18:19:39 H2-06-TOR %%01SSH/5/SSH_INSECURE_LOGIN(s):CID=0x80932722;SSH server login is insecure. (ServiceType=stelnet, UserName=Snmpuser, IPAddress=188.18.3.82, VPNInstanceName=MGMT, Reason=Negotiated key exchange algorithm is not safe.)\r\n",3ec08c26,"Apr <*> <*> <*>:<*>:<*> H2-<*>-TOR %%01SSH/<*>/SSH_INSECURE_LOGIN(s):CID=0x80932722;SSH server login is insecure. (ServiceType=stelnet, UserName=Snmpuser, IPAddress=<*>, VPNInstanceName=MGMT, Reason=Negotiated key exchange algorithm is not safe.)\r\n","['', '5 2020 18', '19:39', '06', '5', '188.18.3.82']"
52,2020-04-05T18:18:31.726Z,189,"Apr  5 2020 18:19:39 H2-06-TOR %%01CLI/5/LOGIN(s):CID=0x80ca2716;The user succeeded in logging in to VTY0. (UserType=SSH, UserName=Snmpuser, AuthenticationMethod=\""Local-user\"", Ip=188.18.3.82, VpnName=MGMT)\r\n",7b96b823,"Apr <*> <*> <*>:<*>:<*> H2-<*>-TOR %%01CLI/<*>/LOGIN(s):CID=0x80ca2716;The user succeeded in logging in to VTY0. (UserType=SSH, UserName=Snmpuser, AuthenticationMethod=\""Local-user\"", Ip=<*>, VpnName=MGMT)\r\n","['', '5 2020 18', '19:39', '06', '5', '188.18.3.82']"
53,2020-04-05T18:18:31.729Z,189,"Apr  5 2020 18:19:39 H2-06-TOR %%01CLI/5/CMDRECORD(s):CID=0x80ca2716;Recorded command information. (Task=VTY0, Ip=188.18.3.82, VpnName=MGMT, User=Snmpuser, AuthenticationMethod=\""Local-user\"", Command=\""system-view\"".)\r\n",0fe5910b,"Apr <*> <*> <*>:<*>:<*> H2-<*>-TOR %%01CLI/<*>/CMDRECORD(s):CID=0x80ca2716;Recorded command information. (Task=VTY0, Ip=<*>, VpnName=MGMT, User=Snmpuser, AuthenticationMethod=\""Local-user\"", <*>","['', '5 2020 18', '19:39', '06', '5', '188.18.3.82', 'Command=\\""system-view\\"".)\\r\\n']"
54,2020-04-05T18:18:32.721Z,189,"Apr  5 2020 18:19:40 H2-06-TOR %%01CLI/5/CMDRECORD(s):CID=0x80ca2716;Recorded command information. (Task=VTY0, Ip=188.18.3.82, VpnName=MGMT, User=Snmpuser, AuthenticationMethod=\""Local-user\"", Command=\""display vlan\"".)\r\n",c7bb6e4e,"Apr <*> <*> <*>:<*>:<*> H2-<*>-TOR %%01CLI/<*>/CMDRECORD(s):CID=0x80ca2716;Recorded command information. (Task=VTY0, Ip=<*>, VpnName=MGMT, User=Snmpuser, AuthenticationMethod=\""Local-user\"", Command=\""display <*>","['', '5 2020 18', '19:40', '06', '5', '188.18.3.82', 'vlan\\"".)\\r\\n']"
55,2020-04-05T18:18:36.717Z,189,"Apr  5 2020 18:19:44 H2-06-TOR %%01CLI/5/CMDRECORD(s):CID=0x80ca2716;Recorded command information. (Task=VTY0, Ip=188.18.3.82, VpnName=MGMT, User=Snmpuser, AuthenticationMethod=\""Local-user\"", Command=\""quit\"".)\r\n",0fe5910b,"Apr <*> <*> <*>:<*>:<*> H2-<*>-TOR %%01CLI/<*>/CMDRECORD(s):CID=0x80ca2716;Recorded command information. (Task=VTY0, Ip=<*>, VpnName=MGMT, User=Snmpuser, AuthenticationMethod=\""Local-user\"", <*>","['', '5 2020 18', '19:44', '06', '5', '188.18.3.82', 'Command=\\""quit\\"".)\\r\\n']"
56,2020-04-05T18:18:36.724Z,189,"Apr  5 2020 18:19:44 H2-06-TOR %%01CLI/5/CMDRECORDFAILED(s):CID=0x80ca2716;Recorded command information. (Task=VTY0, Ip=188.18.3.82, VpnName=MGMT, User=Snmpuser, AuthenticationMethod=\""Local-user\"", Command=\""quit\"", Result=Command was interrupted.)\r\n",3381cf61,"Apr <*> <*> <*>:<*>:<*> H2-<*>-TOR %%01CLI/<*>/CMDRECORDFAILED(s):CID=0x80ca2716;Recorded command information. (Task=VTY0, Ip=<*>, VpnName=MGMT, User=Snmpuser, AuthenticationMethod=\""Local-user\"", Command=\""quit\"", Result=Command was interrupted.)\r\n","['', '5 2020 18', '19:44', '06', '5', '188.18.3.82']"
57,2020-04-05T18:18:36.726Z,189,"Apr  5 2020 18:19:44 H2-06-TOR %%01CLI/5/LOGOUT(s):CID=0x80ca2716;The user succeeded in logging out of VTY0. (UserType=SSH, UserName=Snmpuser, Ip=188.18.3.82, VpnName=MGMT, Reason=the terminal was closed)\r\n",c80b00e6,"Apr <*> <*> <*>:<*>:<*> H2-<*>-TOR %%01CLI/<*>/LOGOUT(s):CID=0x80ca2716;The user succeeded in logging out of VTY0. (UserType=SSH, UserName=Snmpuser, Ip=<*>, VpnName=MGMT, Reason=the terminal was closed)\r\n","['', '5 2020 18', '19:44', '06', '5', '188.18.3.82']"
58,2020-04-05T18:18:37.457Z,189,"Apr  5 2020 18:19:44 H2-06-TOR %%01SSH/5/SSH_USER_LOGOUT(s):CID=0x80932722;The SSH user logged out. (ServiceType=stelnet, LogoutReason=Client requested disconnection, UserName=Snmpuser, IPAddress=188.18.3.82, VPNInstanceName=MGMT.)\r\n",19c4a48c,"Apr <*> <*> <*>:<*>:<*> H2-<*>-TOR %%01SSH/<*>/SSH_USER_LOGOUT(s):CID=0x80932722;The SSH user logged out. (ServiceType=stelnet, LogoutReason=Client requested disconnection, UserName=Snmpuser, IPAddress=<*>, VPNInstanceName=MGMT.)\r\n","['', '5 2020 18', '19:44', '06', '5', '188.18.3.82']"
59,2020-04-06T18:17:51.334Z,189,"Apr  6 2020 18:18:59 H2-06-TOR %%01CLI/5/LOGIN(s):CID=0x80ca2716;The user succeeded in logging in to VTY0. (UserType=SSH, UserName=Snmpuser, AuthenticationMethod=\""Local-user\"", Ip=188.18.3.82, VpnName=MGMT)\r\n",7b96b823,"Apr <*> <*> <*>:<*>:<*> H2-<*>-TOR %%01CLI/<*>/LOGIN(s):CID=0x80ca2716;The user succeeded in logging in to VTY0. (UserType=SSH, UserName=Snmpuser, AuthenticationMethod=\""Local-user\"", Ip=<*>, VpnName=MGMT)\r\n","['', '6 2020 18', '18:59', '06', '5', '188.18.3.82']"
60,2020-04-06T18:17:51.613Z,189,"Apr  6 2020 18:18:59 H2-06-TOR %%01CLI/5/INTER_CMDRECORD(s):CID=0x80d22716;Recorded command information. (Task=vty0, Ip=188.18.3.82, VpnName=MGMT, User=snmpuser, Command=\""\"", PromptInfo=\""Warning: The initial password poses security risks.The password needs to be changed. Change now? [Y/N]:\"", UserInput=\""N\"".)\r\n",b39de4e5,"Apr <*> <*> <*>:<*>:<*> H2-<*>-TOR %%01CLI/<*>/INTER_CMDRECORD(s):CID=0x80d22716;Recorded command information. (Task=vty0, Ip=<*>, VpnName=MGMT, User=snmpuser, Command=\""\"", PromptInfo=\""Warning: The initial password poses security risks.The password needs to be changed. Change now? [Y/N]:\"", UserInput=\""N\"".)\r\n","['', '6 2020 18', '18:59', '06', '5', '188.18.3.82']"
61,2020-04-06T18:17:51.614Z,189,"Apr  6 2020 18:18:59 H2-06-TOR %%01SSH/5/SSH_USER_LOGIN(s):CID=0x80932722;The SSH user succeeded in logging in. (ServiceType=stelnet, UserName=Snmpuser, IPAddress=188.18.3.82, VPNInstanceName=MGMT.)\r\n",26d27c48,"Apr <*> <*> <*>:<*>:<*> H2-<*>-TOR %%01SSH/<*>/SSH_USER_LOGIN(s):CID=0x80932722;The SSH user succeeded in logging in. (ServiceType=stelnet, UserName=Snmpuser, IPAddress=<*>, VPNInstanceName=MGMT.)\r\n","['', '6 2020 18', '18:59', '06', '5', '188.18.3.82']"
62,2020-04-06T18:17:51.616Z,189,"Apr  6 2020 18:18:59 H2-06-TOR %%01SSH/5/SSH_INSECURE_LOGIN(s):CID=0x80932722;SSH server login is insecure. (ServiceType=stelnet, UserName=Snmpuser, IPAddress=188.18.3.82, VPNInstanceName=MGMT, Reason=Negotiated key exchange algorithm is not safe.)\r\n",3ec08c26,"Apr <*> <*> <*>:<*>:<*> H2-<*>-TOR %%01SSH/<*>/SSH_INSECURE_LOGIN(s):CID=0x80932722;SSH server login is insecure. (ServiceType=stelnet, UserName=Snmpuser, IPAddress=<*>, VPNInstanceName=MGMT, Reason=Negotiated key exchange algorithm is not safe.)\r\n","['', '6 2020 18', '18:59', '06', '5', '188.18.3.82']"
63,2020-04-06T18:17:51.616Z,189,"Apr  6 2020 18:19:00 H2-06-TOR %%01SSH/5/SSH_USER_LOGOUT(s):CID=0x80932722;The SSH user logged out. (ServiceType=stelnet, LogoutReason=Client requested disconnection, UserName=Snmpuser, IPAddress=188.18.3.82, VPNInstanceName=MGMT.)\r\n",19c4a48c,"Apr <*> <*> <*>:<*>:<*> H2-<*>-TOR %%01SSH/<*>/SSH_USER_LOGOUT(s):CID=0x80932722;The SSH user logged out. (ServiceType=stelnet, LogoutReason=Client requested disconnection, UserName=Snmpuser, IPAddress=<*>, VPNInstanceName=MGMT.)\r\n","['', '6 2020 18', '19:00', '06', '5', '188.18.3.82']"
64,2020-04-06T18:17:51.757Z,189,"Apr  6 2020 18:19:00 H2-06-TOR %%01CLI/5/CMDRECORD(s):CID=0x80ca2716;Recorded command information. (Task=VTY0, Ip=188.18.3.82, VpnName=MGMT, User=Snmpuser, AuthenticationMethod=\""Local-user\"", Command=\""display esn\"".)\r\n",c7bb6e4e,"Apr <*> <*> <*>:<*>:<*> H2-<*>-TOR %%01CLI/<*>/CMDRECORD(s):CID=0x80ca2716;Recorded command information. (Task=VTY0, Ip=<*>, VpnName=MGMT, User=Snmpuser, AuthenticationMethod=\""Local-user\"", Command=\""display <*>","['', '6 2020 18', '19:00', '06', '5', '188.18.3.82', 'esn\\"".)\\r\\n']"
65,2020-04-06T18:17:51.758Z,189,"Apr  6 2020 18:19:00 H2-06-TOR %%01CLI/5/CMDRECORD(s):CID=0x80ca2716;Recorded command information. (Task=VTY0, Ip=188.18.3.82, VpnName=MGMT, User=Snmpuser, AuthenticationMethod=\""Local-user\"", Command=\""quit\"".)\r\n",0fe5910b,"Apr <*> <*> <*>:<*>:<*> H2-<*>-TOR %%01CLI/<*>/CMDRECORD(s):CID=0x80ca2716;Recorded command information. (Task=VTY0, Ip=<*>, VpnName=MGMT, User=Snmpuser, AuthenticationMethod=\""Local-user\"", <*>","['', '6 2020 18', '19:00', '06', '5', '188.18.3.82', 'Command=\\""quit\\"".)\\r\\n']"
66,2020-04-06T18:17:51.776Z,189,"Apr  6 2020 18:19:00 H2-06-TOR %%01CLI/5/LOGOUT(s):CID=0x80ca2716;The user succeeded in logging out of VTY0. (UserType=SSH, UserName=Snmpuser, Ip=188.18.3.82, VpnName=MGMT, Reason=the terminal was closed)\r\n",c80b00e6,"Apr <*> <*> <*>:<*>:<*> H2-<*>-TOR %%01CLI/<*>/LOGOUT(s):CID=0x80ca2716;The user succeeded in logging out of VTY0. (UserType=SSH, UserName=Snmpuser, Ip=<*>, VpnName=MGMT, Reason=the terminal was closed)\r\n","['', '6 2020 18', '19:00', '06', '5', '188.18.3.82']"
67,2020-04-06T18:17:51.776Z,189,"Apr  6 2020 18:19:00 H2-06-TOR %%01CLI/5/LOGOUT(s):CID=0x80ca2716;The user succeeded in logging out of VTY0. (UserType=SSH, UserName=Snmpuser, Ip=188.18.3.82, VpnName=MGMT, Reason=the user inputted quit command)\r\n",1c5084f3,"Apr <*> <*> <*>:<*>:<*> H2-<*>-TOR %%01CLI/<*>/LOGOUT(s):CID=0x80ca2716;The user succeeded in logging out of VTY0. (UserType=SSH, UserName=Snmpuser, Ip=<*>, VpnName=MGMT, Reason=the user inputted quit command)\r\n","['', '6 2020 18', '19:00', '06', '5', '188.18.3.82']"
68,2020-04-06T18:18:22.635Z,189,"Apr  6 2020 18:19:31 H2-06-TOR %%01CLI/5/INTER_CMDRECORD(s):CID=0x80d22716;Recorded command information. (Task=vty0, Ip=188.18.3.82, VpnName=MGMT, User=snmpuser, Command=\""\"", PromptInfo=\""Warning: The initial password poses security risks.The password needs to be changed. Change now? [Y/N]:\"", UserInput=\""N\"".)\r\n",b39de4e5,"Apr <*> <*> <*>:<*>:<*> H2-<*>-TOR %%01CLI/<*>/INTER_CMDRECORD(s):CID=0x80d22716;Recorded command information. (Task=vty0, Ip=<*>, VpnName=MGMT, User=snmpuser, Command=\""\"", PromptInfo=\""Warning: The initial password poses security risks.The password needs to be changed. Change now? [Y/N]:\"", UserInput=\""N\"".)\r\n","['', '6 2020 18', '19:31', '06', '5', '188.18.3.82']"
69,2020-04-06T18:18:22.638Z,189,"Apr  6 2020 18:19:31 H2-06-TOR %%01SSH/5/SSH_INSECURE_LOGIN(s):CID=0x80932722;SSH server login is insecure. (ServiceType=stelnet, UserName=Snmpuser, IPAddress=188.18.3.82, VPNInstanceName=MGMT, Reason=Negotiated key exchange algorithm is not safe.)\r\n",3ec08c26,"Apr <*> <*> <*>:<*>:<*> H2-<*>-TOR %%01SSH/<*>/SSH_INSECURE_LOGIN(s):CID=0x80932722;SSH server login is insecure. (ServiceType=stelnet, UserName=Snmpuser, IPAddress=<*>, VPNInstanceName=MGMT, Reason=Negotiated key exchange algorithm is not safe.)\r\n","['', '6 2020 18', '19:31', '06', '5', '188.18.3.82']"
70,2020-04-06T18:18:22.639Z,189,"Apr  6 2020 18:19:31 H2-06-TOR %%01SSH/5/SSH_USER_LOGIN(s):CID=0x80932722;The SSH user succeeded in logging in. (ServiceType=stelnet, UserName=Snmpuser, IPAddress=188.18.3.82, VPNInstanceName=MGMT.)\r\n",26d27c48,"Apr <*> <*> <*>:<*>:<*> H2-<*>-TOR %%01SSH/<*>/SSH_USER_LOGIN(s):CID=0x80932722;The SSH user succeeded in logging in. (ServiceType=stelnet, UserName=Snmpuser, IPAddress=<*>, VPNInstanceName=MGMT.)\r\n","['', '6 2020 18', '19:31', '06', '5', '188.18.3.82']"
71,2020-04-06T18:18:22.792Z,189,"Apr  6 2020 18:19:31 H2-06-TOR %%01CLI/5/LOGIN(s):CID=0x80ca2716;The user succeeded in logging in to VTY0. (UserType=SSH, UserName=Snmpuser, AuthenticationMethod=\""Local-user\"", Ip=188.18.3.82, VpnName=MGMT)\r\n",7b96b823,"Apr <*> <*> <*>:<*>:<*> H2-<*>-TOR %%01CLI/<*>/LOGIN(s):CID=0x80ca2716;The user succeeded in logging in to VTY0. (UserType=SSH, UserName=Snmpuser, AuthenticationMethod=\""Local-user\"", Ip=<*>, VpnName=MGMT)\r\n","['', '6 2020 18', '19:31', '06', '5', '188.18.3.82']"
72,2020-04-06T18:18:23.794Z,189,"Apr  6 2020 18:19:31 H2-06-TOR %%01CLI/5/CMDRECORD(s):CID=0x80ca2716;Recorded command information. (Task=VTY0, Ip=188.18.3.82, VpnName=MGMT, User=Snmpuser, AuthenticationMethod=\""Local-user\"", Command=\""system-view\"".)\r\n",0fe5910b,"Apr <*> <*> <*>:<*>:<*> H2-<*>-TOR %%01CLI/<*>/CMDRECORD(s):CID=0x80ca2716;Recorded command information. (Task=VTY0, Ip=<*>, VpnName=MGMT, User=Snmpuser, AuthenticationMethod=\""Local-user\"", <*>","['', '6 2020 18', '19:31', '06', '5', '188.18.3.82', 'Command=\\""system-view\\"".)\\r\\n']"
73,2020-04-06T18:18:23.794Z,189,"Apr  6 2020 18:19:32 H2-06-TOR %%01CLI/5/CMDRECORD(s):CID=0x80ca2716;Recorded command information. (Task=VTY0, Ip=188.18.3.82, VpnName=MGMT, User=Snmpuser, AuthenticationMethod=\""Local-user\"", Command=\""display vlan\"".)\r\n",c7bb6e4e,"Apr <*> <*> <*>:<*>:<*> H2-<*>-TOR %%01CLI/<*>/CMDRECORD(s):CID=0x80ca2716;Recorded command information. (Task=VTY0, Ip=<*>, VpnName=MGMT, User=Snmpuser, AuthenticationMethod=\""Local-user\"", Command=\""display <*>","['', '6 2020 18', '19:32', '06', '5', '188.18.3.82', 'vlan\\"".)\\r\\n']"
74,2020-04-06T18:18:27.567Z,189,"Apr  6 2020 18:19:36 H2-06-TOR %%01SSH/5/SSH_USER_LOGOUT(s):CID=0x80932722;The SSH user logged out. (ServiceType=stelnet, LogoutReason=Client requested disconnection, UserName=Snmpuser, IPAddress=188.18.3.82, VPNInstanceName=MGMT.)\r\n",19c4a48c,"Apr <*> <*> <*>:<*>:<*> H2-<*>-TOR %%01SSH/<*>/SSH_USER_LOGOUT(s):CID=0x80932722;The SSH user logged out. (ServiceType=stelnet, LogoutReason=Client requested disconnection, UserName=Snmpuser, IPAddress=<*>, VPNInstanceName=MGMT.)\r\n","['', '6 2020 18', '19:36', '06', '5', '188.18.3.82']"
75,2020-04-06T18:18:27.806Z,189,"Apr  6 2020 18:19:36 H2-06-TOR %%01CLI/5/CMDRECORDFAILED(s):CID=0x80ca2716;Recorded command information. (Task=VTY0, Ip=188.18.3.82, VpnName=MGMT, User=Snmpuser, AuthenticationMethod=\""Local-user\"", Command=\""quit\"", Result=Command was interrupted.)\r\n",3381cf61,"Apr <*> <*> <*>:<*>:<*> H2-<*>-TOR %%01CLI/<*>/CMDRECORDFAILED(s):CID=0x80ca2716;Recorded command information. (Task=VTY0, Ip=<*>, VpnName=MGMT, User=Snmpuser, AuthenticationMethod=\""Local-user\"", Command=\""quit\"", Result=Command was interrupted.)\r\n","['', '6 2020 18', '19:36', '06', '5', '188.18.3.82']"
76,2020-04-06T18:18:27.806Z,189,"Apr  6 2020 18:19:36 H2-06-TOR %%01CLI/5/CMDRECORD(s):CID=0x80ca2716;Recorded command information. (Task=VTY0, Ip=188.18.3.82, VpnName=MGMT, User=Snmpuser, AuthenticationMethod=\""Local-user\"", Command=\""quit\"".)\r\n",0fe5910b,"Apr <*> <*> <*>:<*>:<*> H2-<*>-TOR %%01CLI/<*>/CMDRECORD(s):CID=0x80ca2716;Recorded command information. (Task=VTY0, Ip=<*>, VpnName=MGMT, User=Snmpuser, AuthenticationMethod=\""Local-user\"", <*>","['', '6 2020 18', '19:36', '06', '5', '188.18.3.82', 'Command=\\""quit\\"".)\\r\\n']"
77,2020-04-06T18:18:27.809Z,189,"Apr  6 2020 18:19:36 H2-06-TOR %%01CLI/5/LOGOUT(s):CID=0x80ca2716;The user succeeded in logging out of VTY0. (UserType=SSH, UserName=Snmpuser, Ip=188.18.3.82, VpnName=MGMT, Reason=the terminal was closed)\r\n",c80b00e6,"Apr <*> <*> <*>:<*>:<*> H2-<*>-TOR %%01CLI/<*>/LOGOUT(s):CID=0x80ca2716;The user succeeded in logging out of VTY0. (UserType=SSH, UserName=Snmpuser, Ip=<*>, VpnName=MGMT, Reason=the terminal was closed)\r\n","['', '6 2020 18', '19:36', '06', '5', '188.18.3.82']"
78,2020-04-07T18:17:49.890Z,189,"Apr  7 2020 18:18:58 H2-06-TOR %%01SSH/5/SSH_INSECURE_LOGIN(s):CID=0x80932722;SSH server login is insecure. (ServiceType=stelnet, UserName=Snmpuser, IPAddress=188.18.3.82, VPNInstanceName=MGMT, Reason=Negotiated key exchange algorithm is not safe.)\r\n",3ec08c26,"Apr <*> <*> <*>:<*>:<*> H2-<*>-TOR %%01SSH/<*>/SSH_INSECURE_LOGIN(s):CID=0x80932722;SSH server login is insecure. (ServiceType=stelnet, UserName=Snmpuser, IPAddress=<*>, VPNInstanceName=MGMT, Reason=Negotiated key exchange algorithm is not safe.)\r\n","['', '7 2020 18', '18:58', '06', '5', '188.18.3.82']"
79,2020-04-07T18:17:49.890Z,189,"Apr  7 2020 18:18:58 H2-06-TOR %%01SSH/5/SSH_USER_LOGIN(s):CID=0x80932722;The SSH user succeeded in logging in. (ServiceType=stelnet, UserName=Snmpuser, IPAddress=188.18.3.82, VPNInstanceName=MGMT.)\r\n",26d27c48,"Apr <*> <*> <*>:<*>:<*> H2-<*>-TOR %%01SSH/<*>/SSH_USER_LOGIN(s):CID=0x80932722;The SSH user succeeded in logging in. (ServiceType=stelnet, UserName=Snmpuser, IPAddress=<*>, VPNInstanceName=MGMT.)\r\n","['', '7 2020 18', '18:58', '06', '5', '188.18.3.82']"
80,2020-04-07T18:17:49.890Z,189,"Apr  7 2020 18:18:58 H2-06-TOR %%01CLI/5/INTER_CMDRECORD(s):CID=0x80d22716;Recorded command information. (Task=vty0, Ip=188.18.3.82, VpnName=MGMT, User=snmpuser, Command=\""\"", PromptInfo=\""Warning: The initial password poses security risks.The password needs to be changed. Change now? [Y/N]:\"", UserInput=\""N\"".)\r\n",b39de4e5,"Apr <*> <*> <*>:<*>:<*> H2-<*>-TOR %%01CLI/<*>/INTER_CMDRECORD(s):CID=0x80d22716;Recorded command information. (Task=vty0, Ip=<*>, VpnName=MGMT, User=snmpuser, Command=\""\"", PromptInfo=\""Warning: The initial password poses security risks.The password needs to be changed. Change now? [Y/N]:\"", UserInput=\""N\"".)\r\n","['', '7 2020 18', '18:58', '06', '5', '188.18.3.82']"
81,2020-04-07T18:17:49.902Z,189,"Apr  7 2020 18:18:58 H2-06-TOR %%01CLI/5/LOGIN(s):CID=0x80ca2716;The user succeeded in logging in to VTY0. (UserType=SSH, UserName=Snmpuser, AuthenticationMethod=\""Local-user\"", Ip=188.18.3.82, VpnName=MGMT)\r\n",7b96b823,"Apr <*> <*> <*>:<*>:<*> H2-<*>-TOR %%01CLI/<*>/LOGIN(s):CID=0x80ca2716;The user succeeded in logging in to VTY0. (UserType=SSH, UserName=Snmpuser, AuthenticationMethod=\""Local-user\"", Ip=<*>, VpnName=MGMT)\r\n","['', '7 2020 18', '18:58', '06', '5', '188.18.3.82']"
82,2020-04-07T18:17:50.679Z,189,"Apr  7 2020 18:18:59 H2-06-TOR %%01SSH/5/SSH_USER_LOGOUT(s):CID=0x80932722;The SSH user logged out. (ServiceType=stelnet, LogoutReason=Client requested disconnection, UserName=Snmpuser, IPAddress=188.18.3.82, VPNInstanceName=MGMT.)\r\n",19c4a48c,"Apr <*> <*> <*>:<*>:<*> H2-<*>-TOR %%01SSH/<*>/SSH_USER_LOGOUT(s):CID=0x80932722;The SSH user logged out. (ServiceType=stelnet, LogoutReason=Client requested disconnection, UserName=Snmpuser, IPAddress=<*>, VPNInstanceName=MGMT.)\r\n","['', '7 2020 18', '18:59', '06', '5', '188.18.3.82']"
83,2020-04-07T18:17:50.877Z,189,"Apr  7 2020 18:18:59 H2-06-TOR %%01CLI/5/CMDRECORD(s):CID=0x80ca2716;Recorded command information. (Task=VTY0, Ip=188.18.3.82, VpnName=MGMT, User=Snmpuser, AuthenticationMethod=\""Local-user\"", Command=\""quit\"".)\r\n",0fe5910b,"Apr <*> <*> <*>:<*>:<*> H2-<*>-TOR %%01CLI/<*>/CMDRECORD(s):CID=0x80ca2716;Recorded command information. (Task=VTY0, Ip=<*>, VpnName=MGMT, User=Snmpuser, AuthenticationMethod=\""Local-user\"", <*>","['', '7 2020 18', '18:59', '06', '5', '188.18.3.82', 'Command=\\""quit\\"".)\\r\\n']"
84,2020-04-07T18:17:50.877Z,189,"Apr  7 2020 18:18:59 H2-06-TOR %%01CLI/5/CMDRECORD(s):CID=0x80ca2716;Recorded command information. (Task=VTY0, Ip=188.18.3.82, VpnName=MGMT, User=Snmpuser, AuthenticationMethod=\""Local-user\"", Command=\""display esn\"".)\r\n",c7bb6e4e,"Apr <*> <*> <*>:<*>:<*> H2-<*>-TOR %%01CLI/<*>/CMDRECORD(s):CID=0x80ca2716;Recorded command information. (Task=VTY0, Ip=<*>, VpnName=MGMT, User=Snmpuser, AuthenticationMethod=\""Local-user\"", Command=\""display <*>","['', '7 2020 18', '18:59', '06', '5', '188.18.3.82', 'esn\\"".)\\r\\n']"
85,2020-04-07T18:17:50.893Z,189,"Apr  7 2020 18:18:59 H2-06-TOR %%01CLI/5/LOGOUT(s):CID=0x80ca2716;The user succeeded in logging out of VTY0. (UserType=SSH, UserName=Snmpuser, Ip=188.18.3.82, VpnName=MGMT, Reason=the user inputted quit command)\r\n",1c5084f3,"Apr <*> <*> <*>:<*>:<*> H2-<*>-TOR %%01CLI/<*>/LOGOUT(s):CID=0x80ca2716;The user succeeded in logging out of VTY0. (UserType=SSH, UserName=Snmpuser, Ip=<*>, VpnName=MGMT, Reason=the user inputted quit command)\r\n","['', '7 2020 18', '18:59', '06', '5', '188.18.3.82']"
86,2020-04-07T18:17:50.893Z,189,"Apr  7 2020 18:18:59 H2-06-TOR %%01CLI/5/LOGOUT(s):CID=0x80ca2716;The user succeeded in logging out of VTY0. (UserType=SSH, UserName=Snmpuser, Ip=188.18.3.82, VpnName=MGMT, Reason=the terminal was closed)\r\n",c80b00e6,"Apr <*> <*> <*>:<*>:<*> H2-<*>-TOR %%01CLI/<*>/LOGOUT(s):CID=0x80ca2716;The user succeeded in logging out of VTY0. (UserType=SSH, UserName=Snmpuser, Ip=<*>, VpnName=MGMT, Reason=the terminal was closed)\r\n","['', '7 2020 18', '18:59', '06', '5', '188.18.3.82']"
87,2020-04-07T18:18:30.673Z,189,"Apr  7 2020 18:19:39 H2-06-TOR %%01CLI/5/INTER_CMDRECORD(s):CID=0x80d22716;Recorded command information. (Task=vty0, Ip=188.18.3.82, VpnName=MGMT, User=snmpuser, Command=\""\"", PromptInfo=\""Warning: The initial password poses security risks.The password needs to be changed. Change now? [Y/N]:\"", UserInput=\""N\"".)\r\n",b39de4e5,"Apr <*> <*> <*>:<*>:<*> H2-<*>-TOR %%01CLI/<*>/INTER_CMDRECORD(s):CID=0x80d22716;Recorded command information. (Task=vty0, Ip=<*>, VpnName=MGMT, User=snmpuser, Command=\""\"", PromptInfo=\""Warning: The initial password poses security risks.The password needs to be changed. Change now? [Y/N]:\"", UserInput=\""N\"".)\r\n","['', '7 2020 18', '19:39', '06', '5', '188.18.3.82']"
88,2020-04-07T18:18:30.674Z,189,"Apr  7 2020 18:19:39 H2-06-TOR %%01SSH/5/SSH_INSECURE_LOGIN(s):CID=0x80932722;SSH server login is insecure. (ServiceType=stelnet, UserName=Snmpuser, IPAddress=188.18.3.82, VPNInstanceName=MGMT, Reason=Negotiated key exchange algorithm is not safe.)\r\n",3ec08c26,"Apr <*> <*> <*>:<*>:<*> H2-<*>-TOR %%01SSH/<*>/SSH_INSECURE_LOGIN(s):CID=0x80932722;SSH server login is insecure. (ServiceType=stelnet, UserName=Snmpuser, IPAddress=<*>, VPNInstanceName=MGMT, Reason=Negotiated key exchange algorithm is not safe.)\r\n","['', '7 2020 18', '19:39', '06', '5', '188.18.3.82']"
89,2020-04-07T18:18:30.674Z,189,"Apr  7 2020 18:19:39 H2-06-TOR %%01SSH/5/SSH_USER_LOGIN(s):CID=0x80932722;The SSH user succeeded in logging in. (ServiceType=stelnet, UserName=Snmpuser, IPAddress=188.18.3.82, VPNInstanceName=MGMT.)\r\n",26d27c48,"Apr <*> <*> <*>:<*>:<*> H2-<*>-TOR %%01SSH/<*>/SSH_USER_LOGIN(s):CID=0x80932722;The SSH user succeeded in logging in. (ServiceType=stelnet, UserName=Snmpuser, IPAddress=<*>, VPNInstanceName=MGMT.)\r\n","['', '7 2020 18', '19:39', '06', '5', '188.18.3.82']"
90,2020-04-07T18:18:30.882Z,189,"Apr  7 2020 18:19:39 H2-06-TOR %%01CLI/5/LOGIN(s):CID=0x80ca2716;The user succeeded in logging in to VTY0. (UserType=SSH, UserName=Snmpuser, AuthenticationMethod=\""Local-user\"", Ip=188.18.3.82, VpnName=MGMT)\r\n",7b96b823,"Apr <*> <*> <*>:<*>:<*> H2-<*>-TOR %%01CLI/<*>/LOGIN(s):CID=0x80ca2716;The user succeeded in logging in to VTY0. (UserType=SSH, UserName=Snmpuser, AuthenticationMethod=\""Local-user\"", Ip=<*>, VpnName=MGMT)\r\n","['', '7 2020 18', '19:39', '06', '5', '188.18.3.82']"
91,2020-04-07T18:18:30.885Z,189,"Apr  7 2020 18:19:40 H2-06-TOR %%01CLI/5/CMDRECORD(s):CID=0x80ca2716;Recorded command information. (Task=VTY0, Ip=188.18.3.82, VpnName=MGMT, User=Snmpuser, AuthenticationMethod=\""Local-user\"", Command=\""system-view\"".)\r\n",0fe5910b,"Apr <*> <*> <*>:<*>:<*> H2-<*>-TOR %%01CLI/<*>/CMDRECORD(s):CID=0x80ca2716;Recorded command information. (Task=VTY0, Ip=<*>, VpnName=MGMT, User=Snmpuser, AuthenticationMethod=\""Local-user\"", <*>","['', '7 2020 18', '19:40', '06', '5', '188.18.3.82', 'Command=\\""system-view\\"".)\\r\\n']"
92,2020-04-07T18:18:30.885Z,189,"Apr  7 2020 18:19:40 H2-06-TOR %%01CLI/5/CMDRECORD(s):CID=0x80ca2716;Recorded command information. (Task=VTY0, Ip=188.18.3.82, VpnName=MGMT, User=Snmpuser, AuthenticationMethod=\""Local-user\"", Command=\""display vlan\"".)\r\n",c7bb6e4e,"Apr <*> <*> <*>:<*>:<*> H2-<*>-TOR %%01CLI/<*>/CMDRECORD(s):CID=0x80ca2716;Recorded command information. (Task=VTY0, Ip=<*>, VpnName=MGMT, User=Snmpuser, AuthenticationMethod=\""Local-user\"", Command=\""display <*>","['', '7 2020 18', '19:40', '06', '5', '188.18.3.82', 'vlan\\"".)\\r\\n']"
93,2020-04-07T18:18:35.686Z,189,"Apr  7 2020 18:19:44 H2-06-TOR %%01SSH/5/SSH_USER_LOGOUT(s):CID=0x80932722;The SSH user logged out. (ServiceType=stelnet, LogoutReason=Client requested disconnection, UserName=Snmpuser, IPAddress=188.18.3.82, VPNInstanceName=MGMT.)\r\n",19c4a48c,"Apr <*> <*> <*>:<*>:<*> H2-<*>-TOR %%01SSH/<*>/SSH_USER_LOGOUT(s):CID=0x80932722;The SSH user logged out. (ServiceType=stelnet, LogoutReason=Client requested disconnection, UserName=Snmpuser, IPAddress=<*>, VPNInstanceName=MGMT.)\r\n","['', '7 2020 18', '19:44', '06', '5', '188.18.3.82']"
94,2020-04-07T18:18:35.854Z,189,"Apr  7 2020 18:19:44 H2-06-TOR %%01CLI/5/CMDRECORD(s):CID=0x80ca2716;Recorded command information. (Task=VTY0, Ip=188.18.3.82, VpnName=MGMT, User=Snmpuser, AuthenticationMethod=\""Local-user\"", Command=\""quit\"".)\r\n",0fe5910b,"Apr <*> <*> <*>:<*>:<*> H2-<*>-TOR %%01CLI/<*>/CMDRECORD(s):CID=0x80ca2716;Recorded command information. (Task=VTY0, Ip=<*>, VpnName=MGMT, User=Snmpuser, AuthenticationMethod=\""Local-user\"", <*>","['', '7 2020 18', '19:44', '06', '5', '188.18.3.82', 'Command=\\""quit\\"".)\\r\\n']"
95,2020-04-07T18:18:35.857Z,189,"Apr  7 2020 18:19:44 H2-06-TOR %%01CLI/5/CMDRECORDFAILED(s):CID=0x80ca2716;Recorded command information. (Task=VTY0, Ip=188.18.3.82, VpnName=MGMT, User=Snmpuser, AuthenticationMethod=\""Local-user\"", Command=\""quit\"", Result=Command was interrupted.)\r\n",3381cf61,"Apr <*> <*> <*>:<*>:<*> H2-<*>-TOR %%01CLI/<*>/CMDRECORDFAILED(s):CID=0x80ca2716;Recorded command information. (Task=VTY0, Ip=<*>, VpnName=MGMT, User=Snmpuser, AuthenticationMethod=\""Local-user\"", Command=\""quit\"", Result=Command was interrupted.)\r\n","['', '7 2020 18', '19:44', '06', '5', '188.18.3.82']"
96,2020-04-07T18:18:35.858Z,189,"Apr  7 2020 18:19:44 H2-06-TOR %%01CLI/5/LOGOUT(s):CID=0x80ca2716;The user succeeded in logging out of VTY0. (UserType=SSH, UserName=Snmpuser, Ip=188.18.3.82, VpnName=MGMT, Reason=the terminal was closed)\r\n",c80b00e6,"Apr <*> <*> <*>:<*>:<*> H2-<*>-TOR %%01CLI/<*>/LOGOUT(s):CID=0x80ca2716;The user succeeded in logging out of VTY0. (UserType=SSH, UserName=Snmpuser, Ip=<*>, VpnName=MGMT, Reason=the terminal was closed)\r\n","['', '7 2020 18', '19:44', '06', '5', '188.18.3.82']"
