LineId,DateTime,Content,EventId,EventTemplate,ParameterList
1,2020-04-03T10:27:25.000Z,"Snmpuser,188.18.3.80(SNMP),SMM,set trap format(object identifier (OID) mode) succeed\n",9b6e2388,"Snmpuser,<*>(SNMP),SMM,set trap format(object identifier (OID) mode) succeed\n",['188.18.3.80']
2,2020-04-03T10:27:25.000Z,"Snmpuser,188.18.3.80(SNMP),SMM,set snmp trap version(v3) succeed\n",3507a982,"Snmpuser,<*>(SNMP),SMM,set snmp trap version(v3) succeed\n",['188.18.3.80']
3,2020-04-03T10:27:25.000Z,"Snmpuser,188.18.3.80(SNMP),SMM,Set trap user(Snmpuser) succeed \n",de7bc200,"Snmpuser,<*>(SNMP),SMM,Set trap user(Snmpuser) succeed \n",['188.18.3.80']
4,2020-04-03T11:27:45.000Z,"Snmpuser,188.18.3.80(SNMP),SMM,set snmp trap version(v3) succeed\n",3507a982,"Snmpuser,<*>(SNMP),SMM,set snmp trap version(v3) succeed\n",['188.18.3.80']
5,2020-04-03T11:27:45.000Z,"Snmpuser,188.18.3.80(SNMP),SMM,Set trap user(Snmpuser) succeed \n",de7bc200,"Snmpuser,<*>(SNMP),SMM,Set trap user(Snmpuser) succeed \n",['188.18.3.80']
6,2020-04-03T11:27:46.000Z,"Snmpuser,188.18.3.80(SNMP),SMM,set trap format(object identifier (OID) mode) succeed\n",9b6e2388,"Snmpuser,<*>(SNMP),SMM,set trap format(object identifier (OID) mode) succeed\n",['188.18.3.80']
7,2020-04-03T12:28:05.000Z,"Snmpuser,188.18.3.80(SNMP),SMM,set snmp trap version(v3) succeed\n",3507a982,"Snmpuser,<*>(SNMP),SMM,set snmp trap version(v3) succeed\n",['188.18.3.80']
8,2020-04-03T12:28:06.000Z,"Snmpuser,188.18.3.80(SNMP),SMM,set trap format(object identifier (OID) mode) succeed\n",9b6e2388,"Snmpuser,<*>(SNMP),SMM,set trap format(object identifier (OID) mode) succeed\n",['188.18.3.80']
9,2020-04-03T12:28:06.000Z,"Snmpuser,188.18.3.80(SNMP),SMM,Set trap user(Snmpuser) succeed \n",de7bc200,"Snmpuser,<*>(SNMP),SMM,Set trap user(Snmpuser) succeed \n",['188.18.3.80']
10,2020-04-03T13:28:25.000Z,"Snmpuser,188.18.3.80(SNMP),SMM,set snmp trap version(v3) succeed\n",3507a982,"Snmpuser,<*>(SNMP),SMM,set snmp trap version(v3) succeed\n",['188.18.3.80']
11,2020-04-03T13:28:26.000Z,"Snmpuser,188.18.3.80(SNMP),SMM,set trap format(object identifier (OID) mode) succeed\n",9b6e2388,"Snmpuser,<*>(SNMP),SMM,set trap format(object identifier (OID) mode) succeed\n",['188.18.3.80']
12,2020-04-03T13:28:26.000Z,"Snmpuser,188.18.3.80(SNMP),SMM,Set trap user(Snmpuser) succeed \n",de7bc200,"Snmpuser,<*>(SNMP),SMM,Set trap user(Snmpuser) succeed \n",['188.18.3.80']
13,2020-04-03T14:28:46.000Z,"Snmpuser,188.18.3.80(SNMP),SMM,Set trap user(Snmpuser) succeed \n",de7bc200,"Snmpuser,<*>(SNMP),SMM,Set trap user(Snmpuser) succeed \n",['188.18.3.80']
14,2020-04-03T14:28:46.000Z,"Snmpuser,188.18.3.80(SNMP),SMM,set snmp trap version(v3) succeed\n",3507a982,"Snmpuser,<*>(SNMP),SMM,set snmp trap version(v3) succeed\n",['188.18.3.80']
15,2020-04-03T14:28:47.000Z,"Snmpuser,188.18.3.80(SNMP),SMM,set trap format(object identifier (OID) mode) succeed\n",9b6e2388,"Snmpuser,<*>(SNMP),SMM,set trap format(object identifier (OID) mode) succeed\n",['188.18.3.80']
16,2020-04-03T15:29:06.000Z,"Snmpuser,188.18.3.80(SNMP),SMM,set snmp trap version(v3) succeed\n",3507a982,"Snmpuser,<*>(SNMP),SMM,set snmp trap version(v3) succeed\n",['188.18.3.80']
17,2020-04-03T15:29:07.000Z,"Snmpuser,188.18.3.80(SNMP),SMM,Set trap user(Snmpuser) succeed \n",de7bc200,"Snmpuser,<*>(SNMP),SMM,Set trap user(Snmpuser) succeed \n",['188.18.3.80']
18,2020-04-03T15:29:07.000Z,"Snmpuser,188.18.3.80(SNMP),SMM,set trap format(object identifier (OID) mode) succeed\n",9b6e2388,"Snmpuser,<*>(SNMP),SMM,set trap format(object identifier (OID) mode) succeed\n",['188.18.3.80']
19,2020-04-03T16:29:26.000Z,"Snmpuser,188.18.3.80(SNMP),SMM,Set trap user(Snmpuser) succeed \n",de7bc200,"Snmpuser,<*>(SNMP),SMM,Set trap user(Snmpuser) succeed \n",['188.18.3.80']
20,2020-04-03T16:29:26.000Z,"Snmpuser,188.18.3.80(SNMP),SMM,set snmp trap version(v3) succeed\n",3507a982,"Snmpuser,<*>(SNMP),SMM,set snmp trap version(v3) succeed\n",['188.18.3.80']
21,2020-04-03T16:29:27.000Z,"Snmpuser,188.18.3.80(SNMP),SMM,set trap format(object identifier (OID) mode) succeed\n",9b6e2388,"Snmpuser,<*>(SNMP),SMM,set trap format(object identifier (OID) mode) succeed\n",['188.18.3.80']
22,2020-04-03T17:29:46.000Z,"Snmpuser,188.18.3.80(SNMP),SMM,set snmp trap version(v3) succeed\n",3507a982,"Snmpuser,<*>(SNMP),SMM,set snmp trap version(v3) succeed\n",['188.18.3.80']
23,2020-04-03T17:29:46.000Z,"Snmpuser,188.18.3.80(SNMP),SMM,Set trap user(Snmpuser) succeed \n",de7bc200,"Snmpuser,<*>(SNMP),SMM,Set trap user(Snmpuser) succeed \n",['188.18.3.80']
24,2020-04-03T17:29:47.000Z,"Snmpuser,188.18.3.80(SNMP),SMM,set trap format(object identifier (OID) mode) succeed\n",9b6e2388,"Snmpuser,<*>(SNMP),SMM,set trap format(object identifier (OID) mode) succeed\n",['188.18.3.80']
25,2020-04-03T18:30:07.000Z,"Snmpuser,188.18.3.80(SNMP),SMM,Set trap user(Snmpuser) succeed \n",de7bc200,"Snmpuser,<*>(SNMP),SMM,Set trap user(Snmpuser) succeed \n",['188.18.3.80']
26,2020-04-03T18:30:07.000Z,"Snmpuser,188.18.3.80(SNMP),SMM,set snmp trap version(v3) succeed\n",3507a982,"Snmpuser,<*>(SNMP),SMM,set snmp trap version(v3) succeed\n",['188.18.3.80']
27,2020-04-03T18:30:08.000Z,"Snmpuser,188.18.3.80(SNMP),SMM,set trap format(object identifier (OID) mode) succeed\n",9b6e2388,"Snmpuser,<*>(SNMP),SMM,set trap format(object identifier (OID) mode) succeed\n",['188.18.3.80']
28,2020-04-03T19:30:27.000Z,"Snmpuser,188.18.3.80(SNMP),SMM,set snmp trap version(v3) succeed\n",3507a982,"Snmpuser,<*>(SNMP),SMM,set snmp trap version(v3) succeed\n",['188.18.3.80']
29,2020-04-03T19:30:27.000Z,"Snmpuser,188.18.3.80(SNMP),SMM,Set trap user(Snmpuser) succeed \n",de7bc200,"Snmpuser,<*>(SNMP),SMM,Set trap user(Snmpuser) succeed \n",['188.18.3.80']
30,2020-04-03T19:30:27.000Z,"Snmpuser,188.18.3.80(SNMP),SMM,set trap format(object identifier (OID) mode) succeed\n",9b6e2388,"Snmpuser,<*>(SNMP),SMM,set trap format(object identifier (OID) mode) succeed\n",['188.18.3.80']
31,2020-04-03T20:30:47.000Z,"Snmpuser,188.18.3.80(SNMP),SMM,set snmp trap version(v3) succeed\n",3507a982,"Snmpuser,<*>(SNMP),SMM,set snmp trap version(v3) succeed\n",['188.18.3.80']
32,2020-04-03T20:30:48.000Z,"Snmpuser,188.18.3.80(SNMP),SMM,Set trap user(Snmpuser) succeed \n",de7bc200,"Snmpuser,<*>(SNMP),SMM,Set trap user(Snmpuser) succeed \n",['188.18.3.80']
33,2020-04-03T20:30:48.000Z,"Snmpuser,188.18.3.80(SNMP),SMM,set trap format(object identifier (OID) mode) succeed\n",9b6e2388,"Snmpuser,<*>(SNMP),SMM,set trap format(object identifier (OID) mode) succeed\n",['188.18.3.80']
34,2020-04-03T21:31:07.000Z,"Snmpuser,188.18.3.80(SNMP),SMM,set snmp trap version(v3) succeed\n",3507a982,"Snmpuser,<*>(SNMP),SMM,set snmp trap version(v3) succeed\n",['188.18.3.80']
35,2020-04-03T21:31:08.000Z,"Snmpuser,188.18.3.80(SNMP),SMM,Set trap user(Snmpuser) succeed \n",de7bc200,"Snmpuser,<*>(SNMP),SMM,Set trap user(Snmpuser) succeed \n",['188.18.3.80']
36,2020-04-03T21:31:09.000Z,"Snmpuser,188.18.3.80(SNMP),SMM,set trap format(object identifier (OID) mode) succeed\n",9b6e2388,"Snmpuser,<*>(SNMP),SMM,set trap format(object identifier (OID) mode) succeed\n",['188.18.3.80']
37,2020-04-03T22:31:28.000Z,"Snmpuser,188.18.3.80(SNMP),SMM,set snmp trap version(v3) succeed\n",3507a982,"Snmpuser,<*>(SNMP),SMM,set snmp trap version(v3) succeed\n",['188.18.3.80']
38,2020-04-03T22:31:28.000Z,"Snmpuser,188.18.3.80(SNMP),SMM,Set trap user(Snmpuser) succeed \n",de7bc200,"Snmpuser,<*>(SNMP),SMM,Set trap user(Snmpuser) succeed \n",['188.18.3.80']
39,2020-04-03T22:31:29.000Z,"Snmpuser,188.18.3.80(SNMP),SMM,set trap format(object identifier (OID) mode) succeed\n",9b6e2388,"Snmpuser,<*>(SNMP),SMM,set trap format(object identifier (OID) mode) succeed\n",['188.18.3.80']
40,2020-04-03T23:31:48.000Z,"Snmpuser,188.18.3.80(SNMP),SMM,set snmp trap version(v3) succeed\n",3507a982,"Snmpuser,<*>(SNMP),SMM,set snmp trap version(v3) succeed\n",['188.18.3.80']
41,2020-04-03T23:31:48.000Z,"Snmpuser,188.18.3.80(SNMP),SMM,set trap format(object identifier (OID) mode) succeed\n",9b6e2388,"Snmpuser,<*>(SNMP),SMM,set trap format(object identifier (OID) mode) succeed\n",['188.18.3.80']
42,2020-04-03T23:31:48.000Z,"Snmpuser,188.18.3.80(SNMP),SMM,Set trap user(Snmpuser) succeed \n",de7bc200,"Snmpuser,<*>(SNMP),SMM,Set trap user(Snmpuser) succeed \n",['188.18.3.80']
43,2020-04-04T00:32:07.000Z,"Snmpuser,188.18.3.80(SNMP),SMM,set snmp trap version(v3) succeed\n",3507a982,"Snmpuser,<*>(SNMP),SMM,set snmp trap version(v3) succeed\n",['188.18.3.80']
44,2020-04-04T00:32:08.000Z,"Snmpuser,188.18.3.80(SNMP),SMM,set trap format(object identifier (OID) mode) succeed\n",9b6e2388,"Snmpuser,<*>(SNMP),SMM,set trap format(object identifier (OID) mode) succeed\n",['188.18.3.80']
45,2020-04-04T00:32:08.000Z,"Snmpuser,188.18.3.80(SNMP),SMM,Set trap user(Snmpuser) succeed \n",de7bc200,"Snmpuser,<*>(SNMP),SMM,Set trap user(Snmpuser) succeed \n",['188.18.3.80']
46,2020-04-04T01:32:27.000Z,"Snmpuser,188.18.3.80(SNMP),SMM,set snmp trap version(v3) succeed\n",3507a982,"Snmpuser,<*>(SNMP),SMM,set snmp trap version(v3) succeed\n",['188.18.3.80']
47,2020-04-04T01:32:28.000Z,"Snmpuser,188.18.3.80(SNMP),SMM,set trap format(object identifier (OID) mode) succeed\n",9b6e2388,"Snmpuser,<*>(SNMP),SMM,set trap format(object identifier (OID) mode) succeed\n",['188.18.3.80']
48,2020-04-04T01:32:28.000Z,"Snmpuser,188.18.3.80(SNMP),SMM,Set trap user(Snmpuser) succeed \n",de7bc200,"Snmpuser,<*>(SNMP),SMM,Set trap user(Snmpuser) succeed \n",['188.18.3.80']
49,2020-04-04T02:32:47.000Z,"Snmpuser,188.18.3.80(SNMP),SMM,set snmp trap version(v3) succeed\n",3507a982,"Snmpuser,<*>(SNMP),SMM,set snmp trap version(v3) succeed\n",['188.18.3.80']
50,2020-04-04T02:32:48.000Z,"Snmpuser,188.18.3.80(SNMP),SMM,Set trap user(Snmpuser) succeed \n",de7bc200,"Snmpuser,<*>(SNMP),SMM,Set trap user(Snmpuser) succeed \n",['188.18.3.80']
51,2020-04-04T02:32:48.000Z,"Snmpuser,188.18.3.80(SNMP),SMM,set trap format(object identifier (OID) mode) succeed\n",9b6e2388,"Snmpuser,<*>(SNMP),SMM,set trap format(object identifier (OID) mode) succeed\n",['188.18.3.80']
52,2020-04-04T03:33:07.000Z,"Snmpuser,188.18.3.80(SNMP),SMM,set snmp trap version(v3) succeed\n",3507a982,"Snmpuser,<*>(SNMP),SMM,set snmp trap version(v3) succeed\n",['188.18.3.80']
53,2020-04-04T03:33:08.000Z,"Snmpuser,188.18.3.80(SNMP),SMM,set trap format(object identifier (OID) mode) succeed\n",9b6e2388,"Snmpuser,<*>(SNMP),SMM,set trap format(object identifier (OID) mode) succeed\n",['188.18.3.80']
54,2020-04-04T03:33:08.000Z,"Snmpuser,188.18.3.80(SNMP),SMM,Set trap user(Snmpuser) succeed \n",de7bc200,"Snmpuser,<*>(SNMP),SMM,Set trap user(Snmpuser) succeed \n",['188.18.3.80']
55,2020-04-04T04:33:27.000Z,"Snmpuser,188.18.3.80(SNMP),SMM,set snmp trap version(v3) succeed\n",3507a982,"Snmpuser,<*>(SNMP),SMM,set snmp trap version(v3) succeed\n",['188.18.3.80']
56,2020-04-04T04:33:28.000Z,"Snmpuser,188.18.3.80(SNMP),SMM,Set trap user(Snmpuser) succeed \n",de7bc200,"Snmpuser,<*>(SNMP),SMM,Set trap user(Snmpuser) succeed \n",['188.18.3.80']
57,2020-04-04T04:33:29.000Z,"Snmpuser,188.18.3.80(SNMP),SMM,set trap format(object identifier (OID) mode) succeed\n",9b6e2388,"Snmpuser,<*>(SNMP),SMM,set trap format(object identifier (OID) mode) succeed\n",['188.18.3.80']
58,2020-04-04T05:33:47.000Z,"Snmpuser,188.18.3.80(SNMP),SMM,set snmp trap version(v3) succeed\n",3507a982,"Snmpuser,<*>(SNMP),SMM,set snmp trap version(v3) succeed\n",['188.18.3.80']
59,2020-04-04T05:33:48.000Z,"Snmpuser,188.18.3.80(SNMP),SMM,Set trap user(Snmpuser) succeed \n",de7bc200,"Snmpuser,<*>(SNMP),SMM,Set trap user(Snmpuser) succeed \n",['188.18.3.80']
60,2020-04-04T05:33:48.000Z,"Snmpuser,188.18.3.80(SNMP),SMM,set trap format(object identifier (OID) mode) succeed\n",9b6e2388,"Snmpuser,<*>(SNMP),SMM,set trap format(object identifier (OID) mode) succeed\n",['188.18.3.80']
61,2020-04-04T06:34:08.000Z,"Snmpuser,188.18.3.80(SNMP),SMM,Set trap user(Snmpuser) succeed \n",de7bc200,"Snmpuser,<*>(SNMP),SMM,Set trap user(Snmpuser) succeed \n",['188.18.3.80']
62,2020-04-04T06:34:08.000Z,"Snmpuser,188.18.3.80(SNMP),SMM,set snmp trap version(v3) succeed\n",3507a982,"Snmpuser,<*>(SNMP),SMM,set snmp trap version(v3) succeed\n",['188.18.3.80']
63,2020-04-04T06:34:08.000Z,"Snmpuser,188.18.3.80(SNMP),SMM,set trap format(object identifier (OID) mode) succeed\n",9b6e2388,"Snmpuser,<*>(SNMP),SMM,set trap format(object identifier (OID) mode) succeed\n",['188.18.3.80']
64,2020-04-04T07:34:28.000Z,"Snmpuser,188.18.3.80(SNMP),SMM,set snmp trap version(v3) succeed\n",3507a982,"Snmpuser,<*>(SNMP),SMM,set snmp trap version(v3) succeed\n",['188.18.3.80']
65,2020-04-04T07:34:28.000Z,"Snmpuser,188.18.3.80(SNMP),SMM,Set trap user(Snmpuser) succeed \n",de7bc200,"Snmpuser,<*>(SNMP),SMM,Set trap user(Snmpuser) succeed \n",['188.18.3.80']
66,2020-04-04T07:34:29.000Z,"Snmpuser,188.18.3.80(SNMP),SMM,set trap format(object identifier (OID) mode) succeed\n",9b6e2388,"Snmpuser,<*>(SNMP),SMM,set trap format(object identifier (OID) mode) succeed\n",['188.18.3.80']
67,2020-04-04T08:34:48.000Z,"Snmpuser,188.18.3.80(SNMP),SMM,set snmp trap version(v3) succeed\n",3507a982,"Snmpuser,<*>(SNMP),SMM,set snmp trap version(v3) succeed\n",['188.18.3.80']
68,2020-04-04T08:34:49.000Z,"Snmpuser,188.18.3.80(SNMP),SMM,Set trap user(Snmpuser) succeed \n",de7bc200,"Snmpuser,<*>(SNMP),SMM,Set trap user(Snmpuser) succeed \n",['188.18.3.80']
69,2020-04-04T08:34:49.000Z,"Snmpuser,188.18.3.80(SNMP),SMM,set trap format(object identifier (OID) mode) succeed\n",9b6e2388,"Snmpuser,<*>(SNMP),SMM,set trap format(object identifier (OID) mode) succeed\n",['188.18.3.80']
70,2020-04-04T09:35:08.000Z,"Snmpuser,188.18.3.80(SNMP),SMM,set snmp trap version(v3) succeed\n",3507a982,"Snmpuser,<*>(SNMP),SMM,set snmp trap version(v3) succeed\n",['188.18.3.80']
71,2020-04-04T09:35:09.000Z,"Snmpuser,188.18.3.80(SNMP),SMM,set trap format(object identifier (OID) mode) succeed\n",9b6e2388,"Snmpuser,<*>(SNMP),SMM,set trap format(object identifier (OID) mode) succeed\n",['188.18.3.80']
72,2020-04-04T09:35:09.000Z,"Snmpuser,188.18.3.80(SNMP),SMM,Set trap user(Snmpuser) succeed \n",de7bc200,"Snmpuser,<*>(SNMP),SMM,Set trap user(Snmpuser) succeed \n",['188.18.3.80']
73,2020-04-04T10:35:29.000Z,"Snmpuser,188.18.3.80(SNMP),SMM,set snmp trap version(v3) succeed\n",3507a982,"Snmpuser,<*>(SNMP),SMM,set snmp trap version(v3) succeed\n",['188.18.3.80']
74,2020-04-04T10:35:29.000Z,"Snmpuser,188.18.3.80(SNMP),SMM,Set trap user(Snmpuser) succeed \n",de7bc200,"Snmpuser,<*>(SNMP),SMM,Set trap user(Snmpuser) succeed \n",['188.18.3.80']
75,2020-04-04T10:35:29.000Z,"Snmpuser,188.18.3.80(SNMP),SMM,set trap format(object identifier (OID) mode) succeed\n",9b6e2388,"Snmpuser,<*>(SNMP),SMM,set trap format(object identifier (OID) mode) succeed\n",['188.18.3.80']
76,2020-04-04T11:35:48.000Z,"Snmpuser,188.18.3.80(SNMP),SMM,set snmp trap version(v3) succeed\n",3507a982,"Snmpuser,<*>(SNMP),SMM,set snmp trap version(v3) succeed\n",['188.18.3.80']
77,2020-04-04T11:35:49.000Z,"Snmpuser,188.18.3.80(SNMP),SMM,Set trap user(Snmpuser) succeed \n",de7bc200,"Snmpuser,<*>(SNMP),SMM,Set trap user(Snmpuser) succeed \n",['188.18.3.80']
78,2020-04-04T11:35:49.000Z,"Snmpuser,188.18.3.80(SNMP),SMM,set trap format(object identifier (OID) mode) succeed\n",9b6e2388,"Snmpuser,<*>(SNMP),SMM,set trap format(object identifier (OID) mode) succeed\n",['188.18.3.80']
79,2020-04-04T12:36:08.000Z,"Snmpuser,188.18.3.80(SNMP),SMM,set snmp trap version(v3) succeed\n",3507a982,"Snmpuser,<*>(SNMP),SMM,set snmp trap version(v3) succeed\n",['188.18.3.80']
80,2020-04-04T12:36:09.000Z,"Snmpuser,188.18.3.80(SNMP),SMM,Set trap user(Snmpuser) succeed \n",de7bc200,"Snmpuser,<*>(SNMP),SMM,Set trap user(Snmpuser) succeed \n",['188.18.3.80']
81,2020-04-04T12:36:10.000Z,"Snmpuser,188.18.3.80(SNMP),SMM,set trap format(object identifier (OID) mode) succeed\n",9b6e2388,"Snmpuser,<*>(SNMP),SMM,set trap format(object identifier (OID) mode) succeed\n",['188.18.3.80']
82,2020-04-04T13:36:28.000Z,"Snmpuser,188.18.3.80(SNMP),SMM,set snmp trap version(v3) succeed\n",3507a982,"Snmpuser,<*>(SNMP),SMM,set snmp trap version(v3) succeed\n",['188.18.3.80']
83,2020-04-04T13:36:29.000Z,"Snmpuser,188.18.3.80(SNMP),SMM,Set trap user(Snmpuser) succeed \n",de7bc200,"Snmpuser,<*>(SNMP),SMM,Set trap user(Snmpuser) succeed \n",['188.18.3.80']
84,2020-04-04T13:36:30.000Z,"Snmpuser,188.18.3.80(SNMP),SMM,set trap format(object identifier (OID) mode) succeed\n",9b6e2388,"Snmpuser,<*>(SNMP),SMM,set trap format(object identifier (OID) mode) succeed\n",['188.18.3.80']
85,2020-04-04T14:36:49.000Z,"Snmpuser,188.18.3.80(SNMP),SMM,set snmp trap version(v3) succeed\n",3507a982,"Snmpuser,<*>(SNMP),SMM,set snmp trap version(v3) succeed\n",['188.18.3.80']
86,2020-04-04T14:36:49.000Z,"Snmpuser,188.18.3.80(SNMP),SMM,Set trap user(Snmpuser) succeed \n",de7bc200,"Snmpuser,<*>(SNMP),SMM,Set trap user(Snmpuser) succeed \n",['188.18.3.80']
87,2020-04-04T14:36:50.000Z,"Snmpuser,188.18.3.80(SNMP),SMM,set trap format(object identifier (OID) mode) succeed\n",9b6e2388,"Snmpuser,<*>(SNMP),SMM,set trap format(object identifier (OID) mode) succeed\n",['188.18.3.80']
88,2020-04-04T15:37:09.000Z,"Snmpuser,188.18.3.80(SNMP),SMM,set snmp trap version(v3) succeed\n",3507a982,"Snmpuser,<*>(SNMP),SMM,set snmp trap version(v3) succeed\n",['188.18.3.80']
89,2020-04-04T15:37:10.000Z,"Snmpuser,188.18.3.80(SNMP),SMM,set trap format(object identifier (OID) mode) succeed\n",9b6e2388,"Snmpuser,<*>(SNMP),SMM,set trap format(object identifier (OID) mode) succeed\n",['188.18.3.80']
90,2020-04-04T15:37:10.000Z,"Snmpuser,188.18.3.80(SNMP),SMM,Set trap user(Snmpuser) succeed \n",de7bc200,"Snmpuser,<*>(SNMP),SMM,Set trap user(Snmpuser) succeed \n",['188.18.3.80']
91,2020-04-04T16:37:29.000Z,"Snmpuser,188.18.3.80(SNMP),SMM,set snmp trap version(v3) succeed\n",3507a982,"Snmpuser,<*>(SNMP),SMM,set snmp trap version(v3) succeed\n",['188.18.3.80']
92,2020-04-04T16:37:30.000Z,"Snmpuser,188.18.3.80(SNMP),SMM,set trap format(object identifier (OID) mode) succeed\n",9b6e2388,"Snmpuser,<*>(SNMP),SMM,set trap format(object identifier (OID) mode) succeed\n",['188.18.3.80']
93,2020-04-04T16:37:30.000Z,"Snmpuser,188.18.3.80(SNMP),SMM,Set trap user(Snmpuser) succeed \n",de7bc200,"Snmpuser,<*>(SNMP),SMM,Set trap user(Snmpuser) succeed \n",['188.18.3.80']
94,2020-04-04T17:37:50.000Z,"Snmpuser,188.18.3.80(SNMP),SMM,set trap format(object identifier (OID) mode) succeed\n",9b6e2388,"Snmpuser,<*>(SNMP),SMM,set trap format(object identifier (OID) mode) succeed\n",['188.18.3.80']
95,2020-04-04T17:37:50.000Z,"Snmpuser,188.18.3.80(SNMP),SMM,Set trap user(Snmpuser) succeed \n",de7bc200,"Snmpuser,<*>(SNMP),SMM,Set trap user(Snmpuser) succeed \n",['188.18.3.80']
96,2020-04-04T17:37:50.000Z,"Snmpuser,188.18.3.80(SNMP),SMM,set snmp trap version(v3) succeed\n",3507a982,"Snmpuser,<*>(SNMP),SMM,set snmp trap version(v3) succeed\n",['188.18.3.80']
97,2020-04-04T18:38:09.000Z,"Snmpuser,188.18.3.80(SNMP),SMM,set snmp trap version(v3) succeed\n",3507a982,"Snmpuser,<*>(SNMP),SMM,set snmp trap version(v3) succeed\n",['188.18.3.80']
98,2020-04-04T18:38:10.000Z,"Snmpuser,188.18.3.80(SNMP),SMM,Set trap user(Snmpuser) succeed \n",de7bc200,"Snmpuser,<*>(SNMP),SMM,Set trap user(Snmpuser) succeed \n",['188.18.3.80']
99,2020-04-04T18:38:11.000Z,"Snmpuser,188.18.3.80(SNMP),SMM,set trap format(object identifier (OID) mode) succeed\n",9b6e2388,"Snmpuser,<*>(SNMP),SMM,set trap format(object identifier (OID) mode) succeed\n",['188.18.3.80']
100,2020-04-04T19:38:30.000Z,"Snmpuser,188.18.3.80(SNMP),SMM,set snmp trap version(v3) succeed\n",3507a982,"Snmpuser,<*>(SNMP),SMM,set snmp trap version(v3) succeed\n",['188.18.3.80']
101,2020-04-04T19:38:31.000Z,"Snmpuser,188.18.3.80(SNMP),SMM,set trap format(object identifier (OID) mode) succeed\n",9b6e2388,"Snmpuser,<*>(SNMP),SMM,set trap format(object identifier (OID) mode) succeed\n",['188.18.3.80']
102,2020-04-04T19:38:31.000Z,"Snmpuser,188.18.3.80(SNMP),SMM,Set trap user(Snmpuser) succeed \n",de7bc200,"Snmpuser,<*>(SNMP),SMM,Set trap user(Snmpuser) succeed \n",['188.18.3.80']
103,2020-04-04T20:38:51.000Z,"Snmpuser,188.18.3.80(SNMP),SMM,set snmp trap version(v3) succeed\n",3507a982,"Snmpuser,<*>(SNMP),SMM,set snmp trap version(v3) succeed\n",['188.18.3.80']
104,2020-04-04T20:38:51.000Z,"Snmpuser,188.18.3.80(SNMP),SMM,Set trap user(Snmpuser) succeed \n",de7bc200,"Snmpuser,<*>(SNMP),SMM,Set trap user(Snmpuser) succeed \n",['188.18.3.80']
105,2020-04-04T20:38:52.000Z,"Snmpuser,188.18.3.80(SNMP),SMM,set trap format(object identifier (OID) mode) succeed\n",9b6e2388,"Snmpuser,<*>(SNMP),SMM,set trap format(object identifier (OID) mode) succeed\n",['188.18.3.80']
106,2020-04-04T21:39:11.000Z,"Snmpuser,188.18.3.80(SNMP),SMM,set snmp trap version(v3) succeed\n",3507a982,"Snmpuser,<*>(SNMP),SMM,set snmp trap version(v3) succeed\n",['188.18.3.80']
107,2020-04-04T21:39:12.000Z,"Snmpuser,188.18.3.80(SNMP),SMM,Set trap user(Snmpuser) succeed \n",de7bc200,"Snmpuser,<*>(SNMP),SMM,Set trap user(Snmpuser) succeed \n",['188.18.3.80']
108,2020-04-04T21:39:12.000Z,"Snmpuser,188.18.3.80(SNMP),SMM,set trap format(object identifier (OID) mode) succeed\n",9b6e2388,"Snmpuser,<*>(SNMP),SMM,set trap format(object identifier (OID) mode) succeed\n",['188.18.3.80']
109,2020-04-04T22:39:31.000Z,"Snmpuser,188.18.3.80(SNMP),SMM,set snmp trap version(v3) succeed\n",3507a982,"Snmpuser,<*>(SNMP),SMM,set snmp trap version(v3) succeed\n",['188.18.3.80']
110,2020-04-04T22:39:32.000Z,"Snmpuser,188.18.3.80(SNMP),SMM,set trap format(object identifier (OID) mode) succeed\n",9b6e2388,"Snmpuser,<*>(SNMP),SMM,set trap format(object identifier (OID) mode) succeed\n",['188.18.3.80']
111,2020-04-04T22:39:32.000Z,"Snmpuser,188.18.3.80(SNMP),SMM,Set trap user(Snmpuser) succeed \n",de7bc200,"Snmpuser,<*>(SNMP),SMM,Set trap user(Snmpuser) succeed \n",['188.18.3.80']
112,2020-04-04T23:39:52.000Z,"Snmpuser,188.18.3.80(SNMP),SMM,set snmp trap version(v3) succeed\n",3507a982,"Snmpuser,<*>(SNMP),SMM,set snmp trap version(v3) succeed\n",['188.18.3.80']
113,2020-04-04T23:39:52.000Z,"Snmpuser,188.18.3.80(SNMP),SMM,Set trap user(Snmpuser) succeed \n",de7bc200,"Snmpuser,<*>(SNMP),SMM,Set trap user(Snmpuser) succeed \n",['188.18.3.80']
114,2020-04-04T23:39:52.000Z,"Snmpuser,188.18.3.80(SNMP),SMM,set trap format(object identifier (OID) mode) succeed\n",9b6e2388,"Snmpuser,<*>(SNMP),SMM,set trap format(object identifier (OID) mode) succeed\n",['188.18.3.80']
115,2020-04-05T00:40:11.000Z,"Snmpuser,188.18.3.80(SNMP),SMM,set snmp trap version(v3) succeed\n",3507a982,"Snmpuser,<*>(SNMP),SMM,set snmp trap version(v3) succeed\n",['188.18.3.80']
116,2020-04-05T00:40:12.000Z,"Snmpuser,188.18.3.80(SNMP),SMM,Set trap user(Snmpuser) succeed \n",de7bc200,"Snmpuser,<*>(SNMP),SMM,Set trap user(Snmpuser) succeed \n",['188.18.3.80']
117,2020-04-05T00:40:12.000Z,"Snmpuser,188.18.3.80(SNMP),SMM,set trap format(object identifier (OID) mode) succeed\n",9b6e2388,"Snmpuser,<*>(SNMP),SMM,set trap format(object identifier (OID) mode) succeed\n",['188.18.3.80']
118,2020-04-05T01:40:31.000Z,"Snmpuser,188.18.3.80(SNMP),SMM,set snmp trap version(v3) succeed\n",3507a982,"Snmpuser,<*>(SNMP),SMM,set snmp trap version(v3) succeed\n",['188.18.3.80']
119,2020-04-05T01:40:32.000Z,"Snmpuser,188.18.3.80(SNMP),SMM,set trap format(object identifier (OID) mode) succeed\n",9b6e2388,"Snmpuser,<*>(SNMP),SMM,set trap format(object identifier (OID) mode) succeed\n",['188.18.3.80']
120,2020-04-05T01:40:32.000Z,"Snmpuser,188.18.3.80(SNMP),SMM,Set trap user(Snmpuser) succeed \n",de7bc200,"Snmpuser,<*>(SNMP),SMM,Set trap user(Snmpuser) succeed \n",['188.18.3.80']
121,2020-04-05T02:40:51.000Z,"Snmpuser,188.18.3.80(SNMP),SMM,set snmp trap version(v3) succeed\n",3507a982,"Snmpuser,<*>(SNMP),SMM,set snmp trap version(v3) succeed\n",['188.18.3.80']
122,2020-04-05T02:40:52.000Z,"Snmpuser,188.18.3.80(SNMP),SMM,set trap format(object identifier (OID) mode) succeed\n",9b6e2388,"Snmpuser,<*>(SNMP),SMM,set trap format(object identifier (OID) mode) succeed\n",['188.18.3.80']
123,2020-04-05T02:40:52.000Z,"Snmpuser,188.18.3.80(SNMP),SMM,Set trap user(Snmpuser) succeed \n",de7bc200,"Snmpuser,<*>(SNMP),SMM,Set trap user(Snmpuser) succeed \n",['188.18.3.80']
124,2020-04-05T03:41:11.000Z,"Snmpuser,188.18.3.80(SNMP),SMM,set snmp trap version(v3) succeed\n",3507a982,"Snmpuser,<*>(SNMP),SMM,set snmp trap version(v3) succeed\n",['188.18.3.80']
125,2020-04-05T03:41:12.000Z,"Snmpuser,188.18.3.80(SNMP),SMM,Set trap user(Snmpuser) succeed \n",de7bc200,"Snmpuser,<*>(SNMP),SMM,Set trap user(Snmpuser) succeed \n",['188.18.3.80']
126,2020-04-05T03:41:12.000Z,"Snmpuser,188.18.3.80(SNMP),SMM,set trap format(object identifier (OID) mode) succeed\n",9b6e2388,"Snmpuser,<*>(SNMP),SMM,set trap format(object identifier (OID) mode) succeed\n",['188.18.3.80']
127,2020-04-05T04:41:31.000Z,"Snmpuser,188.18.3.80(SNMP),SMM,set snmp trap version(v3) succeed\n",3507a982,"Snmpuser,<*>(SNMP),SMM,set snmp trap version(v3) succeed\n",['188.18.3.80']
128,2020-04-05T04:41:32.000Z,"Snmpuser,188.18.3.80(SNMP),SMM,Set trap user(Snmpuser) succeed \n",de7bc200,"Snmpuser,<*>(SNMP),SMM,Set trap user(Snmpuser) succeed \n",['188.18.3.80']
129,2020-04-05T04:41:32.000Z,"Snmpuser,188.18.3.80(SNMP),SMM,set trap format(object identifier (OID) mode) succeed\n",9b6e2388,"Snmpuser,<*>(SNMP),SMM,set trap format(object identifier (OID) mode) succeed\n",['188.18.3.80']
130,2020-04-05T05:41:51.000Z,"Snmpuser,188.18.3.80(SNMP),SMM,set snmp trap version(v3) succeed\n",3507a982,"Snmpuser,<*>(SNMP),SMM,set snmp trap version(v3) succeed\n",['188.18.3.80']
131,2020-04-05T05:41:52.000Z,"Snmpuser,188.18.3.80(SNMP),SMM,set trap format(object identifier (OID) mode) succeed\n",9b6e2388,"Snmpuser,<*>(SNMP),SMM,set trap format(object identifier (OID) mode) succeed\n",['188.18.3.80']
132,2020-04-05T05:41:52.000Z,"Snmpuser,188.18.3.80(SNMP),SMM,Set trap user(Snmpuser) succeed \n",de7bc200,"Snmpuser,<*>(SNMP),SMM,Set trap user(Snmpuser) succeed \n",['188.18.3.80']
133,2020-04-05T06:42:11.000Z,"Snmpuser,188.18.3.80(SNMP),SMM,set snmp trap version(v3) succeed\n",3507a982,"Snmpuser,<*>(SNMP),SMM,set snmp trap version(v3) succeed\n",['188.18.3.80']
134,2020-04-05T06:42:12.000Z,"Snmpuser,188.18.3.80(SNMP),SMM,Set trap user(Snmpuser) succeed \n",de7bc200,"Snmpuser,<*>(SNMP),SMM,Set trap user(Snmpuser) succeed \n",['188.18.3.80']
135,2020-04-05T06:42:12.000Z,"Snmpuser,188.18.3.80(SNMP),SMM,set trap format(object identifier (OID) mode) succeed\n",9b6e2388,"Snmpuser,<*>(SNMP),SMM,set trap format(object identifier (OID) mode) succeed\n",['188.18.3.80']
136,2020-04-05T07:42:31.000Z,"Snmpuser,188.18.3.80(SNMP),SMM,set snmp trap version(v3) succeed\n",3507a982,"Snmpuser,<*>(SNMP),SMM,set snmp trap version(v3) succeed\n",['188.18.3.80']
137,2020-04-05T07:42:32.000Z,"Snmpuser,188.18.3.80(SNMP),SMM,Set trap user(Snmpuser) succeed \n",de7bc200,"Snmpuser,<*>(SNMP),SMM,Set trap user(Snmpuser) succeed \n",['188.18.3.80']
138,2020-04-05T07:42:33.000Z,"Snmpuser,188.18.3.80(SNMP),SMM,set trap format(object identifier (OID) mode) succeed\n",9b6e2388,"Snmpuser,<*>(SNMP),SMM,set trap format(object identifier (OID) mode) succeed\n",['188.18.3.80']
139,2020-04-05T08:42:52.000Z,"Snmpuser,188.18.3.80(SNMP),SMM,set snmp trap version(v3) succeed\n",3507a982,"Snmpuser,<*>(SNMP),SMM,set snmp trap version(v3) succeed\n",['188.18.3.80']
140,2020-04-05T08:42:53.000Z,"Snmpuser,188.18.3.80(SNMP),SMM,set trap format(object identifier (OID) mode) succeed\n",9b6e2388,"Snmpuser,<*>(SNMP),SMM,set trap format(object identifier (OID) mode) succeed\n",['188.18.3.80']
141,2020-04-05T08:42:53.000Z,"Snmpuser,188.18.3.80(SNMP),SMM,Set trap user(Snmpuser) succeed \n",de7bc200,"Snmpuser,<*>(SNMP),SMM,Set trap user(Snmpuser) succeed \n",['188.18.3.80']
142,2020-04-05T09:43:12.000Z,"Snmpuser,188.18.3.80(SNMP),SMM,set snmp trap version(v3) succeed\n",3507a982,"Snmpuser,<*>(SNMP),SMM,set snmp trap version(v3) succeed\n",['188.18.3.80']
143,2020-04-05T09:43:13.000Z,"Snmpuser,188.18.3.80(SNMP),SMM,set trap format(object identifier (OID) mode) succeed\n",9b6e2388,"Snmpuser,<*>(SNMP),SMM,set trap format(object identifier (OID) mode) succeed\n",['188.18.3.80']
144,2020-04-05T09:43:13.000Z,"Snmpuser,188.18.3.80(SNMP),SMM,Set trap user(Snmpuser) succeed \n",de7bc200,"Snmpuser,<*>(SNMP),SMM,Set trap user(Snmpuser) succeed \n",['188.18.3.80']
145,2020-04-05T10:43:32.000Z,"Snmpuser,188.18.3.80(SNMP),SMM,set snmp trap version(v3) succeed\n",3507a982,"Snmpuser,<*>(SNMP),SMM,set snmp trap version(v3) succeed\n",['188.18.3.80']
146,2020-04-05T10:43:33.000Z,"Snmpuser,188.18.3.80(SNMP),SMM,Set trap user(Snmpuser) succeed \n",de7bc200,"Snmpuser,<*>(SNMP),SMM,Set trap user(Snmpuser) succeed \n",['188.18.3.80']
147,2020-04-05T10:43:33.000Z,"Snmpuser,188.18.3.80(SNMP),SMM,set trap format(object identifier (OID) mode) succeed\n",9b6e2388,"Snmpuser,<*>(SNMP),SMM,set trap format(object identifier (OID) mode) succeed\n",['188.18.3.80']
148,2020-04-05T11:43:52.000Z,"Snmpuser,188.18.3.80(SNMP),SMM,set snmp trap version(v3) succeed\n",3507a982,"Snmpuser,<*>(SNMP),SMM,set snmp trap version(v3) succeed\n",['188.18.3.80']
149,2020-04-05T11:43:53.000Z,"Snmpuser,188.18.3.80(SNMP),SMM,Set trap user(Snmpuser) succeed \n",de7bc200,"Snmpuser,<*>(SNMP),SMM,Set trap user(Snmpuser) succeed \n",['188.18.3.80']
150,2020-04-05T11:43:54.000Z,"Snmpuser,188.18.3.80(SNMP),SMM,set trap format(object identifier (OID) mode) succeed\n",9b6e2388,"Snmpuser,<*>(SNMP),SMM,set trap format(object identifier (OID) mode) succeed\n",['188.18.3.80']
151,2020-04-05T12:44:12.000Z,"Snmpuser,188.18.3.80(SNMP),SMM,set snmp trap version(v3) succeed\n",3507a982,"Snmpuser,<*>(SNMP),SMM,set snmp trap version(v3) succeed\n",['188.18.3.80']
152,2020-04-05T12:44:13.000Z,"Snmpuser,188.18.3.80(SNMP),SMM,set trap format(object identifier (OID) mode) succeed\n",9b6e2388,"Snmpuser,<*>(SNMP),SMM,set trap format(object identifier (OID) mode) succeed\n",['188.18.3.80']
153,2020-04-05T12:44:13.000Z,"Snmpuser,188.18.3.80(SNMP),SMM,Set trap user(Snmpuser) succeed \n",de7bc200,"Snmpuser,<*>(SNMP),SMM,Set trap user(Snmpuser) succeed \n",['188.18.3.80']
154,2020-04-05T13:44:33.000Z,"Snmpuser,188.18.3.80(SNMP),SMM,Set trap user(Snmpuser) succeed \n",de7bc200,"Snmpuser,<*>(SNMP),SMM,Set trap user(Snmpuser) succeed \n",['188.18.3.80']
155,2020-04-05T13:44:33.000Z,"Snmpuser,188.18.3.80(SNMP),SMM,set snmp trap version(v3) succeed\n",3507a982,"Snmpuser,<*>(SNMP),SMM,set snmp trap version(v3) succeed\n",['188.18.3.80']
156,2020-04-05T13:44:34.000Z,"Snmpuser,188.18.3.80(SNMP),SMM,set trap format(object identifier (OID) mode) succeed\n",9b6e2388,"Snmpuser,<*>(SNMP),SMM,set trap format(object identifier (OID) mode) succeed\n",['188.18.3.80']
157,2020-04-05T14:44:53.000Z,"Snmpuser,188.18.3.80(SNMP),SMM,set snmp trap version(v3) succeed\n",3507a982,"Snmpuser,<*>(SNMP),SMM,set snmp trap version(v3) succeed\n",['188.18.3.80']
158,2020-04-05T14:44:54.000Z,"Snmpuser,188.18.3.80(SNMP),SMM,set trap format(object identifier (OID) mode) succeed\n",9b6e2388,"Snmpuser,<*>(SNMP),SMM,set trap format(object identifier (OID) mode) succeed\n",['188.18.3.80']
159,2020-04-05T14:44:54.000Z,"Snmpuser,188.18.3.80(SNMP),SMM,Set trap user(Snmpuser) succeed \n",de7bc200,"Snmpuser,<*>(SNMP),SMM,Set trap user(Snmpuser) succeed \n",['188.18.3.80']
160,2020-04-05T15:45:13.000Z,"Snmpuser,188.18.3.80(SNMP),SMM,set snmp trap version(v3) succeed\n",3507a982,"Snmpuser,<*>(SNMP),SMM,set snmp trap version(v3) succeed\n",['188.18.3.80']
161,2020-04-05T15:45:14.000Z,"Snmpuser,188.18.3.80(SNMP),SMM,Set trap user(Snmpuser) succeed \n",de7bc200,"Snmpuser,<*>(SNMP),SMM,Set trap user(Snmpuser) succeed \n",['188.18.3.80']
162,2020-04-05T15:45:14.000Z,"Snmpuser,188.18.3.80(SNMP),SMM,set trap format(object identifier (OID) mode) succeed\n",9b6e2388,"Snmpuser,<*>(SNMP),SMM,set trap format(object identifier (OID) mode) succeed\n",['188.18.3.80']
163,2020-04-05T16:45:33.000Z,"Snmpuser,188.18.3.80(SNMP),SMM,set snmp trap version(v3) succeed\n",3507a982,"Snmpuser,<*>(SNMP),SMM,set snmp trap version(v3) succeed\n",['188.18.3.80']
164,2020-04-05T16:45:34.000Z,"Snmpuser,188.18.3.80(SNMP),SMM,set trap format(object identifier (OID) mode) succeed\n",9b6e2388,"Snmpuser,<*>(SNMP),SMM,set trap format(object identifier (OID) mode) succeed\n",['188.18.3.80']
165,2020-04-05T16:45:34.000Z,"Snmpuser,188.18.3.80(SNMP),SMM,Set trap user(Snmpuser) succeed \n",de7bc200,"Snmpuser,<*>(SNMP),SMM,Set trap user(Snmpuser) succeed \n",['188.18.3.80']
166,2020-04-05T17:45:53.000Z,"Snmpuser,188.18.3.80(SNMP),SMM,set snmp trap version(v3) succeed\n",3507a982,"Snmpuser,<*>(SNMP),SMM,set snmp trap version(v3) succeed\n",['188.18.3.80']
167,2020-04-05T17:45:54.000Z,"Snmpuser,188.18.3.80(SNMP),SMM,Set trap user(Snmpuser) succeed \n",de7bc200,"Snmpuser,<*>(SNMP),SMM,Set trap user(Snmpuser) succeed \n",['188.18.3.80']
168,2020-04-05T17:45:55.000Z,"Snmpuser,188.18.3.80(SNMP),SMM,set trap format(object identifier (OID) mode) succeed\n",9b6e2388,"Snmpuser,<*>(SNMP),SMM,set trap format(object identifier (OID) mode) succeed\n",['188.18.3.80']
169,2020-04-05T18:46:14.000Z,"Snmpuser,188.18.3.80(SNMP),SMM,set snmp trap version(v3) succeed\n",3507a982,"Snmpuser,<*>(SNMP),SMM,set snmp trap version(v3) succeed\n",['188.18.3.80']
170,2020-04-05T18:46:15.000Z,"Snmpuser,188.18.3.80(SNMP),SMM,Set trap user(Snmpuser) succeed \n",de7bc200,"Snmpuser,<*>(SNMP),SMM,Set trap user(Snmpuser) succeed \n",['188.18.3.80']
171,2020-04-05T18:46:16.000Z,"Snmpuser,188.18.3.80(SNMP),SMM,set trap format(object identifier (OID) mode) succeed\n",9b6e2388,"Snmpuser,<*>(SNMP),SMM,set trap format(object identifier (OID) mode) succeed\n",['188.18.3.80']
172,2020-04-05T19:46:34.000Z,"Snmpuser,188.18.3.80(SNMP),SMM,set snmp trap version(v3) succeed\n",3507a982,"Snmpuser,<*>(SNMP),SMM,set snmp trap version(v3) succeed\n",['188.18.3.80']
173,2020-04-05T19:46:35.000Z,"Snmpuser,188.18.3.80(SNMP),SMM,Set trap user(Snmpuser) succeed \n",de7bc200,"Snmpuser,<*>(SNMP),SMM,Set trap user(Snmpuser) succeed \n",['188.18.3.80']
174,2020-04-05T19:46:36.000Z,"Snmpuser,188.18.3.80(SNMP),SMM,set trap format(object identifier (OID) mode) succeed\n",9b6e2388,"Snmpuser,<*>(SNMP),SMM,set trap format(object identifier (OID) mode) succeed\n",['188.18.3.80']
175,2020-04-05T20:46:55.000Z,"Snmpuser,188.18.3.80(SNMP),SMM,set snmp trap version(v3) succeed\n",3507a982,"Snmpuser,<*>(SNMP),SMM,set snmp trap version(v3) succeed\n",['188.18.3.80']
176,2020-04-05T20:46:56.000Z,"Snmpuser,188.18.3.80(SNMP),SMM,set trap format(object identifier (OID) mode) succeed\n",9b6e2388,"Snmpuser,<*>(SNMP),SMM,set trap format(object identifier (OID) mode) succeed\n",['188.18.3.80']
177,2020-04-05T20:46:56.000Z,"Snmpuser,188.18.3.80(SNMP),SMM,Set trap user(Snmpuser) succeed \n",de7bc200,"Snmpuser,<*>(SNMP),SMM,Set trap user(Snmpuser) succeed \n",['188.18.3.80']
178,2020-04-05T21:47:15.000Z,"Snmpuser,188.18.3.80(SNMP),SMM,set snmp trap version(v3) succeed\n",3507a982,"Snmpuser,<*>(SNMP),SMM,set snmp trap version(v3) succeed\n",['188.18.3.80']
179,2020-04-05T21:47:16.000Z,"Snmpuser,188.18.3.80(SNMP),SMM,set trap format(object identifier (OID) mode) succeed\n",9b6e2388,"Snmpuser,<*>(SNMP),SMM,set trap format(object identifier (OID) mode) succeed\n",['188.18.3.80']
180,2020-04-05T21:47:16.000Z,"Snmpuser,188.18.3.80(SNMP),SMM,Set trap user(Snmpuser) succeed \n",de7bc200,"Snmpuser,<*>(SNMP),SMM,Set trap user(Snmpuser) succeed \n",['188.18.3.80']
181,2020-04-05T22:47:35.000Z,"Snmpuser,188.18.3.80(SNMP),SMM,set snmp trap version(v3) succeed\n",3507a982,"Snmpuser,<*>(SNMP),SMM,set snmp trap version(v3) succeed\n",['188.18.3.80']
182,2020-04-05T22:47:36.000Z,"Snmpuser,188.18.3.80(SNMP),SMM,set trap format(object identifier (OID) mode) succeed\n",9b6e2388,"Snmpuser,<*>(SNMP),SMM,set trap format(object identifier (OID) mode) succeed\n",['188.18.3.80']
183,2020-04-05T22:47:36.000Z,"Snmpuser,188.18.3.80(SNMP),SMM,Set trap user(Snmpuser) succeed \n",de7bc200,"Snmpuser,<*>(SNMP),SMM,Set trap user(Snmpuser) succeed \n",['188.18.3.80']
184,2020-04-05T23:47:55.000Z,"Snmpuser,188.18.3.80(SNMP),SMM,set snmp trap version(v3) succeed\n",3507a982,"Snmpuser,<*>(SNMP),SMM,set snmp trap version(v3) succeed\n",['188.18.3.80']
185,2020-04-05T23:47:56.000Z,"Snmpuser,188.18.3.80(SNMP),SMM,Set trap user(Snmpuser) succeed \n",de7bc200,"Snmpuser,<*>(SNMP),SMM,Set trap user(Snmpuser) succeed \n",['188.18.3.80']
186,2020-04-05T23:47:57.000Z,"Snmpuser,188.18.3.80(SNMP),SMM,set trap format(object identifier (OID) mode) succeed\n",9b6e2388,"Snmpuser,<*>(SNMP),SMM,set trap format(object identifier (OID) mode) succeed\n",['188.18.3.80']
187,2020-04-06T00:48:15.000Z,"Snmpuser,188.18.3.80(SNMP),SMM,set snmp trap version(v3) succeed\n",3507a982,"Snmpuser,<*>(SNMP),SMM,set snmp trap version(v3) succeed\n",['188.18.3.80']
188,2020-04-06T00:48:16.000Z,"Snmpuser,188.18.3.80(SNMP),SMM,Set trap user(Snmpuser) succeed \n",de7bc200,"Snmpuser,<*>(SNMP),SMM,Set trap user(Snmpuser) succeed \n",['188.18.3.80']
189,2020-04-06T00:48:17.000Z,"Snmpuser,188.18.3.80(SNMP),SMM,set trap format(object identifier (OID) mode) succeed\n",9b6e2388,"Snmpuser,<*>(SNMP),SMM,set trap format(object identifier (OID) mode) succeed\n",['188.18.3.80']
190,2020-04-06T01:48:36.000Z,"Snmpuser,188.18.3.80(SNMP),SMM,set snmp trap version(v3) succeed\n",3507a982,"Snmpuser,<*>(SNMP),SMM,set snmp trap version(v3) succeed\n",['188.18.3.80']
191,2020-04-06T01:48:36.000Z,"Snmpuser,188.18.3.80(SNMP),SMM,set trap format(object identifier (OID) mode) succeed\n",9b6e2388,"Snmpuser,<*>(SNMP),SMM,set trap format(object identifier (OID) mode) succeed\n",['188.18.3.80']
192,2020-04-06T01:48:36.000Z,"Snmpuser,188.18.3.80(SNMP),SMM,Set trap user(Snmpuser) succeed \n",de7bc200,"Snmpuser,<*>(SNMP),SMM,Set trap user(Snmpuser) succeed \n",['188.18.3.80']
193,2020-04-06T02:48:56.000Z,"Snmpuser,188.18.3.80(SNMP),SMM,Set trap user(Snmpuser) succeed \n",de7bc200,"Snmpuser,<*>(SNMP),SMM,Set trap user(Snmpuser) succeed \n",['188.18.3.80']
194,2020-04-06T02:48:56.000Z,"Snmpuser,188.18.3.80(SNMP),SMM,set trap format(object identifier (OID) mode) succeed\n",9b6e2388,"Snmpuser,<*>(SNMP),SMM,set trap format(object identifier (OID) mode) succeed\n",['188.18.3.80']
195,2020-04-06T02:48:56.000Z,"Snmpuser,188.18.3.80(SNMP),SMM,set snmp trap version(v3) succeed\n",3507a982,"Snmpuser,<*>(SNMP),SMM,set snmp trap version(v3) succeed\n",['188.18.3.80']
196,2020-04-06T03:49:16.000Z,"Snmpuser,188.18.3.80(SNMP),SMM,set snmp trap version(v3) succeed\n",3507a982,"Snmpuser,<*>(SNMP),SMM,set snmp trap version(v3) succeed\n",['188.18.3.80']
197,2020-04-06T03:49:16.000Z,"Snmpuser,188.18.3.80(SNMP),SMM,Set trap user(Snmpuser) succeed \n",de7bc200,"Snmpuser,<*>(SNMP),SMM,Set trap user(Snmpuser) succeed \n",['188.18.3.80']
198,2020-04-06T03:49:16.000Z,"Snmpuser,188.18.3.80(SNMP),SMM,set trap format(object identifier (OID) mode) succeed\n",9b6e2388,"Snmpuser,<*>(SNMP),SMM,set trap format(object identifier (OID) mode) succeed\n",['188.18.3.80']
199,2020-04-06T04:49:36.000Z,"Snmpuser,188.18.3.80(SNMP),SMM,set snmp trap version(v3) succeed\n",3507a982,"Snmpuser,<*>(SNMP),SMM,set snmp trap version(v3) succeed\n",['188.18.3.80']
200,2020-04-06T04:49:37.000Z,"Snmpuser,188.18.3.80(SNMP),SMM,Set trap user(Snmpuser) succeed \n",de7bc200,"Snmpuser,<*>(SNMP),SMM,Set trap user(Snmpuser) succeed \n",['188.18.3.80']
201,2020-04-06T04:49:37.000Z,"Snmpuser,188.18.3.80(SNMP),SMM,set trap format(object identifier (OID) mode) succeed\n",9b6e2388,"Snmpuser,<*>(SNMP),SMM,set trap format(object identifier (OID) mode) succeed\n",['188.18.3.80']
202,2020-04-06T05:49:57.000Z,"Snmpuser,188.18.3.80(SNMP),SMM,set snmp trap version(v3) succeed\n",3507a982,"Snmpuser,<*>(SNMP),SMM,set snmp trap version(v3) succeed\n",['188.18.3.80']
203,2020-04-06T05:49:58.000Z,"Snmpuser,188.18.3.80(SNMP),SMM,Set trap user(Snmpuser) succeed \n",de7bc200,"Snmpuser,<*>(SNMP),SMM,Set trap user(Snmpuser) succeed \n",['188.18.3.80']
204,2020-04-06T05:49:58.000Z,"Snmpuser,188.18.3.80(SNMP),SMM,set trap format(object identifier (OID) mode) succeed\n",9b6e2388,"Snmpuser,<*>(SNMP),SMM,set trap format(object identifier (OID) mode) succeed\n",['188.18.3.80']
205,2020-04-06T06:50:18.000Z,"Snmpuser,188.18.3.80(SNMP),SMM,Set trap user(Snmpuser) succeed \n",de7bc200,"Snmpuser,<*>(SNMP),SMM,Set trap user(Snmpuser) succeed \n",['188.18.3.80']
206,2020-04-06T06:50:18.000Z,"Snmpuser,188.18.3.80(SNMP),SMM,set snmp trap version(v3) succeed\n",3507a982,"Snmpuser,<*>(SNMP),SMM,set snmp trap version(v3) succeed\n",['188.18.3.80']
207,2020-04-06T06:50:19.000Z,"Snmpuser,188.18.3.80(SNMP),SMM,set trap format(object identifier (OID) mode) succeed\n",9b6e2388,"Snmpuser,<*>(SNMP),SMM,set trap format(object identifier (OID) mode) succeed\n",['188.18.3.80']
208,2020-04-06T07:50:38.000Z,"Snmpuser,188.18.3.80(SNMP),SMM,set snmp trap version(v3) succeed\n",3507a982,"Snmpuser,<*>(SNMP),SMM,set snmp trap version(v3) succeed\n",['188.18.3.80']
209,2020-04-06T07:50:39.000Z,"Snmpuser,188.18.3.80(SNMP),SMM,set trap format(object identifier (OID) mode) succeed\n",9b6e2388,"Snmpuser,<*>(SNMP),SMM,set trap format(object identifier (OID) mode) succeed\n",['188.18.3.80']
210,2020-04-06T07:50:39.000Z,"Snmpuser,188.18.3.80(SNMP),SMM,Set trap user(Snmpuser) succeed \n",de7bc200,"Snmpuser,<*>(SNMP),SMM,Set trap user(Snmpuser) succeed \n",['188.18.3.80']
211,2020-04-06T08:50:58.000Z,"Snmpuser,188.18.3.80(SNMP),SMM,set snmp trap version(v3) succeed\n",3507a982,"Snmpuser,<*>(SNMP),SMM,set snmp trap version(v3) succeed\n",['188.18.3.80']
212,2020-04-06T08:50:59.000Z,"Snmpuser,188.18.3.80(SNMP),SMM,set trap format(object identifier (OID) mode) succeed\n",9b6e2388,"Snmpuser,<*>(SNMP),SMM,set trap format(object identifier (OID) mode) succeed\n",['188.18.3.80']
213,2020-04-06T08:50:59.000Z,"Snmpuser,188.18.3.80(SNMP),SMM,Set trap user(Snmpuser) succeed \n",de7bc200,"Snmpuser,<*>(SNMP),SMM,Set trap user(Snmpuser) succeed \n",['188.18.3.80']
214,2020-04-06T09:51:18.000Z,"Snmpuser,188.18.3.80(SNMP),SMM,set snmp trap version(v3) succeed\n",3507a982,"Snmpuser,<*>(SNMP),SMM,set snmp trap version(v3) succeed\n",['188.18.3.80']
215,2020-04-06T09:51:19.000Z,"Snmpuser,188.18.3.80(SNMP),SMM,set trap format(object identifier (OID) mode) succeed\n",9b6e2388,"Snmpuser,<*>(SNMP),SMM,set trap format(object identifier (OID) mode) succeed\n",['188.18.3.80']
216,2020-04-06T09:51:19.000Z,"Snmpuser,188.18.3.80(SNMP),SMM,Set trap user(Snmpuser) succeed \n",de7bc200,"Snmpuser,<*>(SNMP),SMM,Set trap user(Snmpuser) succeed \n",['188.18.3.80']
217,2020-04-06T10:51:39.000Z,"Snmpuser,188.18.3.80(SNMP),SMM,set snmp trap version(v3) succeed\n",3507a982,"Snmpuser,<*>(SNMP),SMM,set snmp trap version(v3) succeed\n",['188.18.3.80']
218,2020-04-06T10:51:40.000Z,"Snmpuser,188.18.3.80(SNMP),SMM,Set trap user(Snmpuser) succeed \n",de7bc200,"Snmpuser,<*>(SNMP),SMM,Set trap user(Snmpuser) succeed \n",['188.18.3.80']
219,2020-04-06T10:51:40.000Z,"Snmpuser,188.18.3.80(SNMP),SMM,set trap format(object identifier (OID) mode) succeed\n",9b6e2388,"Snmpuser,<*>(SNMP),SMM,set trap format(object identifier (OID) mode) succeed\n",['188.18.3.80']
220,2020-04-06T11:52:00.000Z,"Snmpuser,188.18.3.80(SNMP),SMM,Set trap user(Snmpuser) succeed \n",de7bc200,"Snmpuser,<*>(SNMP),SMM,Set trap user(Snmpuser) succeed \n",['188.18.3.80']
221,2020-04-06T11:52:00.000Z,"Snmpuser,188.18.3.80(SNMP),SMM,set snmp trap version(v3) succeed\n",3507a982,"Snmpuser,<*>(SNMP),SMM,set snmp trap version(v3) succeed\n",['188.18.3.80']
222,2020-04-06T11:52:01.000Z,"Snmpuser,188.18.3.80(SNMP),SMM,set trap format(object identifier (OID) mode) succeed\n",9b6e2388,"Snmpuser,<*>(SNMP),SMM,set trap format(object identifier (OID) mode) succeed\n",['188.18.3.80']
223,2020-04-06T12:52:20.000Z,"Snmpuser,188.18.3.80(SNMP),SMM,set snmp trap version(v3) succeed\n",3507a982,"Snmpuser,<*>(SNMP),SMM,set snmp trap version(v3) succeed\n",['188.18.3.80']
224,2020-04-06T12:52:21.000Z,"Snmpuser,188.18.3.80(SNMP),SMM,Set trap user(Snmpuser) succeed \n",de7bc200,"Snmpuser,<*>(SNMP),SMM,Set trap user(Snmpuser) succeed \n",['188.18.3.80']
225,2020-04-06T12:52:21.000Z,"Snmpuser,188.18.3.80(SNMP),SMM,set trap format(object identifier (OID) mode) succeed\n",9b6e2388,"Snmpuser,<*>(SNMP),SMM,set trap format(object identifier (OID) mode) succeed\n",['188.18.3.80']
226,2020-04-06T13:52:40.000Z,"Snmpuser,188.18.3.80(SNMP),SMM,set snmp trap version(v3) succeed\n",3507a982,"Snmpuser,<*>(SNMP),SMM,set snmp trap version(v3) succeed\n",['188.18.3.80']
227,2020-04-06T13:52:41.000Z,"Snmpuser,188.18.3.80(SNMP),SMM,set trap format(object identifier (OID) mode) succeed\n",9b6e2388,"Snmpuser,<*>(SNMP),SMM,set trap format(object identifier (OID) mode) succeed\n",['188.18.3.80']
228,2020-04-06T13:52:41.000Z,"Snmpuser,188.18.3.80(SNMP),SMM,Set trap user(Snmpuser) succeed \n",de7bc200,"Snmpuser,<*>(SNMP),SMM,Set trap user(Snmpuser) succeed \n",['188.18.3.80']
229,2020-04-06T14:53:01.000Z,"Snmpuser,188.18.3.80(SNMP),SMM,set snmp trap version(v3) succeed\n",3507a982,"Snmpuser,<*>(SNMP),SMM,set snmp trap version(v3) succeed\n",['188.18.3.80']
230,2020-04-06T14:53:01.000Z,"Snmpuser,188.18.3.80(SNMP),SMM,Set trap user(Snmpuser) succeed \n",de7bc200,"Snmpuser,<*>(SNMP),SMM,Set trap user(Snmpuser) succeed \n",['188.18.3.80']
231,2020-04-06T14:53:02.000Z,"Snmpuser,188.18.3.80(SNMP),SMM,set trap format(object identifier (OID) mode) succeed\n",9b6e2388,"Snmpuser,<*>(SNMP),SMM,set trap format(object identifier (OID) mode) succeed\n",['188.18.3.80']
232,2020-04-06T15:53:21.000Z,"Snmpuser,188.18.3.80(SNMP),SMM,set snmp trap version(v3) succeed\n",3507a982,"Snmpuser,<*>(SNMP),SMM,set snmp trap version(v3) succeed\n",['188.18.3.80']
233,2020-04-06T15:53:22.000Z,"Snmpuser,188.18.3.80(SNMP),SMM,Set trap user(Snmpuser) succeed \n",de7bc200,"Snmpuser,<*>(SNMP),SMM,Set trap user(Snmpuser) succeed \n",['188.18.3.80']
234,2020-04-06T15:53:22.000Z,"Snmpuser,188.18.3.80(SNMP),SMM,set trap format(object identifier (OID) mode) succeed\n",9b6e2388,"Snmpuser,<*>(SNMP),SMM,set trap format(object identifier (OID) mode) succeed\n",['188.18.3.80']
235,2020-04-06T16:53:41.000Z,"Snmpuser,188.18.3.80(SNMP),SMM,set snmp trap version(v3) succeed\n",3507a982,"Snmpuser,<*>(SNMP),SMM,set snmp trap version(v3) succeed\n",['188.18.3.80']
236,2020-04-06T16:53:42.000Z,"Snmpuser,188.18.3.80(SNMP),SMM,Set trap user(Snmpuser) succeed \n",de7bc200,"Snmpuser,<*>(SNMP),SMM,Set trap user(Snmpuser) succeed \n",['188.18.3.80']
237,2020-04-06T16:53:42.000Z,"Snmpuser,188.18.3.80(SNMP),SMM,set trap format(object identifier (OID) mode) succeed\n",9b6e2388,"Snmpuser,<*>(SNMP),SMM,set trap format(object identifier (OID) mode) succeed\n",['188.18.3.80']
238,2020-04-06T17:54:02.000Z,"Snmpuser,188.18.3.80(SNMP),SMM,set snmp trap version(v3) succeed\n",3507a982,"Snmpuser,<*>(SNMP),SMM,set snmp trap version(v3) succeed\n",['188.18.3.80']
239,2020-04-06T17:54:03.000Z,"Snmpuser,188.18.3.80(SNMP),SMM,Set trap user(Snmpuser) succeed \n",de7bc200,"Snmpuser,<*>(SNMP),SMM,Set trap user(Snmpuser) succeed \n",['188.18.3.80']
240,2020-04-06T17:54:03.000Z,"Snmpuser,188.18.3.80(SNMP),SMM,set trap format(object identifier (OID) mode) succeed\n",9b6e2388,"Snmpuser,<*>(SNMP),SMM,set trap format(object identifier (OID) mode) succeed\n",['188.18.3.80']
241,2020-04-06T18:54:22.000Z,"Snmpuser,188.18.3.80(SNMP),SMM,set snmp trap version(v3) succeed\n",3507a982,"Snmpuser,<*>(SNMP),SMM,set snmp trap version(v3) succeed\n",['188.18.3.80']
242,2020-04-06T18:54:23.000Z,"Snmpuser,188.18.3.80(SNMP),SMM,Set trap user(Snmpuser) succeed \n",de7bc200,"Snmpuser,<*>(SNMP),SMM,Set trap user(Snmpuser) succeed \n",['188.18.3.80']
243,2020-04-06T18:54:23.000Z,"Snmpuser,188.18.3.80(SNMP),SMM,set trap format(object identifier (OID) mode) succeed\n",9b6e2388,"Snmpuser,<*>(SNMP),SMM,set trap format(object identifier (OID) mode) succeed\n",['188.18.3.80']
244,2020-04-06T19:54:43.000Z,"Snmpuser,188.18.3.80(SNMP),SMM,Set trap user(Snmpuser) succeed \n",de7bc200,"Snmpuser,<*>(SNMP),SMM,Set trap user(Snmpuser) succeed \n",['188.18.3.80']
245,2020-04-06T19:54:43.000Z,"Snmpuser,188.18.3.80(SNMP),SMM,set snmp trap version(v3) succeed\n",3507a982,"Snmpuser,<*>(SNMP),SMM,set snmp trap version(v3) succeed\n",['188.18.3.80']
246,2020-04-06T19:54:43.000Z,"Snmpuser,188.18.3.80(SNMP),SMM,set trap format(object identifier (OID) mode) succeed\n",9b6e2388,"Snmpuser,<*>(SNMP),SMM,set trap format(object identifier (OID) mode) succeed\n",['188.18.3.80']
247,2020-04-06T20:55:03.000Z,"Snmpuser,188.18.3.80(SNMP),SMM,set snmp trap version(v3) succeed\n",3507a982,"Snmpuser,<*>(SNMP),SMM,set snmp trap version(v3) succeed\n",['188.18.3.80']
248,2020-04-06T20:55:03.000Z,"Snmpuser,188.18.3.80(SNMP),SMM,Set trap user(Snmpuser) succeed \n",de7bc200,"Snmpuser,<*>(SNMP),SMM,Set trap user(Snmpuser) succeed \n",['188.18.3.80']
249,2020-04-06T20:55:04.000Z,"Snmpuser,188.18.3.80(SNMP),SMM,set trap format(object identifier (OID) mode) succeed\n",9b6e2388,"Snmpuser,<*>(SNMP),SMM,set trap format(object identifier (OID) mode) succeed\n",['188.18.3.80']
250,2020-04-06T21:55:23.000Z,"Snmpuser,188.18.3.80(SNMP),SMM,Set trap user(Snmpuser) succeed \n",de7bc200,"Snmpuser,<*>(SNMP),SMM,Set trap user(Snmpuser) succeed \n",['188.18.3.80']
251,2020-04-06T21:55:23.000Z,"Snmpuser,188.18.3.80(SNMP),SMM,set snmp trap version(v3) succeed\n",3507a982,"Snmpuser,<*>(SNMP),SMM,set snmp trap version(v3) succeed\n",['188.18.3.80']
252,2020-04-06T21:55:24.000Z,"Snmpuser,188.18.3.80(SNMP),SMM,set trap format(object identifier (OID) mode) succeed\n",9b6e2388,"Snmpuser,<*>(SNMP),SMM,set trap format(object identifier (OID) mode) succeed\n",['188.18.3.80']
253,2020-04-06T22:55:43.000Z,"Snmpuser,188.18.3.80(SNMP),SMM,set snmp trap version(v3) succeed\n",3507a982,"Snmpuser,<*>(SNMP),SMM,set snmp trap version(v3) succeed\n",['188.18.3.80']
254,2020-04-06T22:55:43.000Z,"Snmpuser,188.18.3.80(SNMP),SMM,Set trap user(Snmpuser) succeed \n",de7bc200,"Snmpuser,<*>(SNMP),SMM,Set trap user(Snmpuser) succeed \n",['188.18.3.80']
255,2020-04-06T22:55:44.000Z,"Snmpuser,188.18.3.80(SNMP),SMM,set trap format(object identifier (OID) mode) succeed\n",9b6e2388,"Snmpuser,<*>(SNMP),SMM,set trap format(object identifier (OID) mode) succeed\n",['188.18.3.80']
256,2020-04-06T23:56:03.000Z,"Snmpuser,188.18.3.80(SNMP),SMM,set snmp trap version(v3) succeed\n",3507a982,"Snmpuser,<*>(SNMP),SMM,set snmp trap version(v3) succeed\n",['188.18.3.80']
257,2020-04-06T23:56:04.000Z,"Snmpuser,188.18.3.80(SNMP),SMM,Set trap user(Snmpuser) succeed \n",de7bc200,"Snmpuser,<*>(SNMP),SMM,Set trap user(Snmpuser) succeed \n",['188.18.3.80']
258,2020-04-06T23:56:04.000Z,"Snmpuser,188.18.3.80(SNMP),SMM,set trap format(object identifier (OID) mode) succeed\n",9b6e2388,"Snmpuser,<*>(SNMP),SMM,set trap format(object identifier (OID) mode) succeed\n",['188.18.3.80']
259,2020-04-07T00:56:24.000Z,"Snmpuser,188.18.3.80(SNMP),SMM,set snmp trap version(v3) succeed\n",3507a982,"Snmpuser,<*>(SNMP),SMM,set snmp trap version(v3) succeed\n",['188.18.3.80']
260,2020-04-07T00:56:25.000Z,"Snmpuser,188.18.3.80(SNMP),SMM,Set trap user(Snmpuser) succeed \n",de7bc200,"Snmpuser,<*>(SNMP),SMM,Set trap user(Snmpuser) succeed \n",['188.18.3.80']
261,2020-04-07T00:56:25.000Z,"Snmpuser,188.18.3.80(SNMP),SMM,set trap format(object identifier (OID) mode) succeed\n",9b6e2388,"Snmpuser,<*>(SNMP),SMM,set trap format(object identifier (OID) mode) succeed\n",['188.18.3.80']
262,2020-04-07T01:56:44.000Z,"Snmpuser,188.18.3.80(SNMP),SMM,set snmp trap version(v3) succeed\n",3507a982,"Snmpuser,<*>(SNMP),SMM,set snmp trap version(v3) succeed\n",['188.18.3.80']
263,2020-04-07T01:56:45.000Z,"Snmpuser,188.18.3.80(SNMP),SMM,set trap format(object identifier (OID) mode) succeed\n",9b6e2388,"Snmpuser,<*>(SNMP),SMM,set trap format(object identifier (OID) mode) succeed\n",['188.18.3.80']
264,2020-04-07T01:56:45.000Z,"Snmpuser,188.18.3.80(SNMP),SMM,Set trap user(Snmpuser) succeed \n",de7bc200,"Snmpuser,<*>(SNMP),SMM,Set trap user(Snmpuser) succeed \n",['188.18.3.80']
265,2020-04-07T02:57:04.000Z,"Snmpuser,188.18.3.80(SNMP),SMM,Set trap user(Snmpuser) succeed \n",de7bc200,"Snmpuser,<*>(SNMP),SMM,Set trap user(Snmpuser) succeed \n",['188.18.3.80']
266,2020-04-07T02:57:04.000Z,"Snmpuser,188.18.3.80(SNMP),SMM,set snmp trap version(v3) succeed\n",3507a982,"Snmpuser,<*>(SNMP),SMM,set snmp trap version(v3) succeed\n",['188.18.3.80']
267,2020-04-07T02:57:05.000Z,"Snmpuser,188.18.3.80(SNMP),SMM,set trap format(object identifier (OID) mode) succeed\n",9b6e2388,"Snmpuser,<*>(SNMP),SMM,set trap format(object identifier (OID) mode) succeed\n",['188.18.3.80']
268,2020-04-07T03:57:23.000Z,"Snmpuser,188.18.3.80(SNMP),SMM,set snmp trap version(v3) succeed\n",3507a982,"Snmpuser,<*>(SNMP),SMM,set snmp trap version(v3) succeed\n",['188.18.3.80']
269,2020-04-07T03:57:24.000Z,"Snmpuser,188.18.3.80(SNMP),SMM,Set trap user(Snmpuser) succeed \n",de7bc200,"Snmpuser,<*>(SNMP),SMM,Set trap user(Snmpuser) succeed \n",['188.18.3.80']
270,2020-04-07T03:57:24.000Z,"Snmpuser,188.18.3.80(SNMP),SMM,set trap format(object identifier (OID) mode) succeed\n",9b6e2388,"Snmpuser,<*>(SNMP),SMM,set trap format(object identifier (OID) mode) succeed\n",['188.18.3.80']
271,2020-04-07T04:57:43.000Z,"Snmpuser,188.18.3.80(SNMP),SMM,set snmp trap version(v3) succeed\n",3507a982,"Snmpuser,<*>(SNMP),SMM,set snmp trap version(v3) succeed\n",['188.18.3.80']
272,2020-04-07T04:57:44.000Z,"Snmpuser,188.18.3.80(SNMP),SMM,Set trap user(Snmpuser) succeed \n",de7bc200,"Snmpuser,<*>(SNMP),SMM,Set trap user(Snmpuser) succeed \n",['188.18.3.80']
273,2020-04-07T04:57:45.000Z,"Snmpuser,188.18.3.80(SNMP),SMM,set trap format(object identifier (OID) mode) succeed\n",9b6e2388,"Snmpuser,<*>(SNMP),SMM,set trap format(object identifier (OID) mode) succeed\n",['188.18.3.80']
274,2020-04-07T05:58:04.000Z,"Snmpuser,188.18.3.80(SNMP),SMM,set snmp trap version(v3) succeed\n",3507a982,"Snmpuser,<*>(SNMP),SMM,set snmp trap version(v3) succeed\n",['188.18.3.80']
275,2020-04-07T05:58:04.000Z,"Snmpuser,188.18.3.80(SNMP),SMM,Set trap user(Snmpuser) succeed \n",de7bc200,"Snmpuser,<*>(SNMP),SMM,Set trap user(Snmpuser) succeed \n",['188.18.3.80']
276,2020-04-07T05:58:04.000Z,"Snmpuser,188.18.3.80(SNMP),SMM,set trap format(object identifier (OID) mode) succeed\n",9b6e2388,"Snmpuser,<*>(SNMP),SMM,set trap format(object identifier (OID) mode) succeed\n",['188.18.3.80']
277,2020-04-07T06:58:24.000Z,"Snmpuser,188.18.3.80(SNMP),SMM,set trap format(object identifier (OID) mode) succeed\n",9b6e2388,"Snmpuser,<*>(SNMP),SMM,set trap format(object identifier (OID) mode) succeed\n",['188.18.3.80']
278,2020-04-07T06:58:24.000Z,"Snmpuser,188.18.3.80(SNMP),SMM,Set trap user(Snmpuser) succeed \n",de7bc200,"Snmpuser,<*>(SNMP),SMM,Set trap user(Snmpuser) succeed \n",['188.18.3.80']
279,2020-04-07T06:58:24.000Z,"Snmpuser,188.18.3.80(SNMP),SMM,set snmp trap version(v3) succeed\n",3507a982,"Snmpuser,<*>(SNMP),SMM,set snmp trap version(v3) succeed\n",['188.18.3.80']
280,2020-04-07T07:58:44.000Z,"Snmpuser,188.18.3.80(SNMP),SMM,set trap format(object identifier (OID) mode) succeed\n",9b6e2388,"Snmpuser,<*>(SNMP),SMM,set trap format(object identifier (OID) mode) succeed\n",['188.18.3.80']
281,2020-04-07T07:58:44.000Z,"Snmpuser,188.18.3.80(SNMP),SMM,set snmp trap version(v3) succeed\n",3507a982,"Snmpuser,<*>(SNMP),SMM,set snmp trap version(v3) succeed\n",['188.18.3.80']
282,2020-04-07T07:58:44.000Z,"Snmpuser,188.18.3.80(SNMP),SMM,Set trap user(Snmpuser) succeed \n",de7bc200,"Snmpuser,<*>(SNMP),SMM,Set trap user(Snmpuser) succeed \n",['188.18.3.80']
283,2020-04-07T08:59:04.000Z,"Snmpuser,188.18.3.80(SNMP),SMM,set snmp trap version(v3) succeed\n",3507a982,"Snmpuser,<*>(SNMP),SMM,set snmp trap version(v3) succeed\n",['188.18.3.80']
284,2020-04-07T08:59:04.000Z,"Snmpuser,188.18.3.80(SNMP),SMM,Set trap user(Snmpuser) succeed \n",de7bc200,"Snmpuser,<*>(SNMP),SMM,Set trap user(Snmpuser) succeed \n",['188.18.3.80']
285,2020-04-07T08:59:05.000Z,"Snmpuser,188.18.3.80(SNMP),SMM,set trap format(object identifier (OID) mode) succeed\n",9b6e2388,"Snmpuser,<*>(SNMP),SMM,set trap format(object identifier (OID) mode) succeed\n",['188.18.3.80']
286,2020-04-07T09:59:24.000Z,"Snmpuser,188.18.3.80(SNMP),SMM,set snmp trap version(v3) succeed\n",3507a982,"Snmpuser,<*>(SNMP),SMM,set snmp trap version(v3) succeed\n",['188.18.3.80']
287,2020-04-07T09:59:24.000Z,"Snmpuser,188.18.3.80(SNMP),SMM,Set trap user(Snmpuser) succeed \n",de7bc200,"Snmpuser,<*>(SNMP),SMM,Set trap user(Snmpuser) succeed \n",['188.18.3.80']
288,2020-04-07T09:59:25.000Z,"Snmpuser,188.18.3.80(SNMP),SMM,set trap format(object identifier (OID) mode) succeed\n",9b6e2388,"Snmpuser,<*>(SNMP),SMM,set trap format(object identifier (OID) mode) succeed\n",['188.18.3.80']
289,2020-04-07T10:59:44.000Z,"Snmpuser,188.18.3.80(SNMP),SMM,set snmp trap version(v3) succeed\n",3507a982,"Snmpuser,<*>(SNMP),SMM,set snmp trap version(v3) succeed\n",['188.18.3.80']
290,2020-04-07T10:59:45.000Z,"Snmpuser,188.18.3.80(SNMP),SMM,Set trap user(Snmpuser) succeed \n",de7bc200,"Snmpuser,<*>(SNMP),SMM,Set trap user(Snmpuser) succeed \n",['188.18.3.80']
291,2020-04-07T10:59:45.000Z,"Snmpuser,188.18.3.80(SNMP),SMM,set trap format(object identifier (OID) mode) succeed\n",9b6e2388,"Snmpuser,<*>(SNMP),SMM,set trap format(object identifier (OID) mode) succeed\n",['188.18.3.80']
292,2020-04-07T12:00:05.000Z,"Snmpuser,188.18.3.80(SNMP),SMM,Set trap user(Snmpuser) succeed \n",de7bc200,"Snmpuser,<*>(SNMP),SMM,Set trap user(Snmpuser) succeed \n",['188.18.3.80']
293,2020-04-07T12:00:05.000Z,"Snmpuser,188.18.3.80(SNMP),SMM,set snmp trap version(v3) succeed\n",3507a982,"Snmpuser,<*>(SNMP),SMM,set snmp trap version(v3) succeed\n",['188.18.3.80']
294,2020-04-07T12:00:06.000Z,"Snmpuser,188.18.3.80(SNMP),SMM,set trap format(object identifier (OID) mode) succeed\n",9b6e2388,"Snmpuser,<*>(SNMP),SMM,set trap format(object identifier (OID) mode) succeed\n",['188.18.3.80']
295,2020-04-07T13:00:26.000Z,"Snmpuser,188.18.3.80(SNMP),SMM,set snmp trap version(v3) succeed\n",3507a982,"Snmpuser,<*>(SNMP),SMM,set snmp trap version(v3) succeed\n",['188.18.3.80']
296,2020-04-07T13:00:26.000Z,"Snmpuser,188.18.3.80(SNMP),SMM,Set trap user(Snmpuser) succeed \n",de7bc200,"Snmpuser,<*>(SNMP),SMM,Set trap user(Snmpuser) succeed \n",['188.18.3.80']
297,2020-04-07T13:00:27.000Z,"Snmpuser,188.18.3.80(SNMP),SMM,set trap format(object identifier (OID) mode) succeed\n",9b6e2388,"Snmpuser,<*>(SNMP),SMM,set trap format(object identifier (OID) mode) succeed\n",['188.18.3.80']
298,2020-04-07T14:00:46.000Z,"Snmpuser,188.18.3.80(SNMP),SMM,set snmp trap version(v3) succeed\n",3507a982,"Snmpuser,<*>(SNMP),SMM,set snmp trap version(v3) succeed\n",['188.18.3.80']
299,2020-04-07T14:00:47.000Z,"Snmpuser,188.18.3.80(SNMP),SMM,Set trap user(Snmpuser) succeed \n",de7bc200,"Snmpuser,<*>(SNMP),SMM,Set trap user(Snmpuser) succeed \n",['188.18.3.80']
300,2020-04-07T14:00:47.000Z,"Snmpuser,188.18.3.80(SNMP),SMM,set trap format(object identifier (OID) mode) succeed\n",9b6e2388,"Snmpuser,<*>(SNMP),SMM,set trap format(object identifier (OID) mode) succeed\n",['188.18.3.80']
301,2020-04-07T15:01:07.000Z,"Snmpuser,188.18.3.80(SNMP),SMM,set snmp trap version(v3) succeed\n",3507a982,"Snmpuser,<*>(SNMP),SMM,set snmp trap version(v3) succeed\n",['188.18.3.80']
302,2020-04-07T15:01:07.000Z,"Snmpuser,188.18.3.80(SNMP),SMM,set trap format(object identifier (OID) mode) succeed\n",9b6e2388,"Snmpuser,<*>(SNMP),SMM,set trap format(object identifier (OID) mode) succeed\n",['188.18.3.80']
303,2020-04-07T15:01:07.000Z,"Snmpuser,188.18.3.80(SNMP),SMM,Set trap user(Snmpuser) succeed \n",de7bc200,"Snmpuser,<*>(SNMP),SMM,Set trap user(Snmpuser) succeed \n",['188.18.3.80']
304,2020-04-07T16:01:26.000Z,"Snmpuser,188.18.3.80(SNMP),SMM,set snmp trap version(v3) succeed\n",3507a982,"Snmpuser,<*>(SNMP),SMM,set snmp trap version(v3) succeed\n",['188.18.3.80']
305,2020-04-07T16:01:27.000Z,"Snmpuser,188.18.3.80(SNMP),SMM,Set trap user(Snmpuser) succeed \n",de7bc200,"Snmpuser,<*>(SNMP),SMM,Set trap user(Snmpuser) succeed \n",['188.18.3.80']
306,2020-04-07T16:01:28.000Z,"Snmpuser,188.18.3.80(SNMP),SMM,set trap format(object identifier (OID) mode) succeed\n",9b6e2388,"Snmpuser,<*>(SNMP),SMM,set trap format(object identifier (OID) mode) succeed\n",['188.18.3.80']
307,2020-04-07T17:01:47.000Z,"Snmpuser,188.18.3.80(SNMP),SMM,set snmp trap version(v3) succeed\n",3507a982,"Snmpuser,<*>(SNMP),SMM,set snmp trap version(v3) succeed\n",['188.18.3.80']
308,2020-04-07T17:01:48.000Z,"Snmpuser,188.18.3.80(SNMP),SMM,Set trap user(Snmpuser) succeed \n",de7bc200,"Snmpuser,<*>(SNMP),SMM,Set trap user(Snmpuser) succeed \n",['188.18.3.80']
309,2020-04-07T17:01:48.000Z,"Snmpuser,188.18.3.80(SNMP),SMM,set trap format(object identifier (OID) mode) succeed\n",9b6e2388,"Snmpuser,<*>(SNMP),SMM,set trap format(object identifier (OID) mode) succeed\n",['188.18.3.80']
310,2020-04-07T18:02:07.000Z,"Snmpuser,188.18.3.80(SNMP),SMM,set snmp trap version(v3) succeed\n",3507a982,"Snmpuser,<*>(SNMP),SMM,set snmp trap version(v3) succeed\n",['188.18.3.80']
311,2020-04-07T18:02:08.000Z,"Snmpuser,188.18.3.80(SNMP),SMM,Set trap user(Snmpuser) succeed \n",de7bc200,"Snmpuser,<*>(SNMP),SMM,Set trap user(Snmpuser) succeed \n",['188.18.3.80']
312,2020-04-07T18:02:08.000Z,"Snmpuser,188.18.3.80(SNMP),SMM,set trap format(object identifier (OID) mode) succeed\n",9b6e2388,"Snmpuser,<*>(SNMP),SMM,set trap format(object identifier (OID) mode) succeed\n",['188.18.3.80']
313,2020-04-07T19:02:28.000Z,"Snmpuser,188.18.3.80(SNMP),SMM,set snmp trap version(v3) succeed\n",3507a982,"Snmpuser,<*>(SNMP),SMM,set snmp trap version(v3) succeed\n",['188.18.3.80']
314,2020-04-07T19:02:28.000Z,"Snmpuser,188.18.3.80(SNMP),SMM,Set trap user(Snmpuser) succeed \n",de7bc200,"Snmpuser,<*>(SNMP),SMM,Set trap user(Snmpuser) succeed \n",['188.18.3.80']
315,2020-04-07T19:02:29.000Z,"Snmpuser,188.18.3.80(SNMP),SMM,set trap format(object identifier (OID) mode) succeed\n",9b6e2388,"Snmpuser,<*>(SNMP),SMM,set trap format(object identifier (OID) mode) succeed\n",['188.18.3.80']
316,2020-04-07T20:02:48.000Z,"Snmpuser,188.18.3.80(SNMP),SMM,set snmp trap version(v3) succeed\n",3507a982,"Snmpuser,<*>(SNMP),SMM,set snmp trap version(v3) succeed\n",['188.18.3.80']
317,2020-04-07T20:02:49.000Z,"Snmpuser,188.18.3.80(SNMP),SMM,Set trap user(Snmpuser) succeed \n",de7bc200,"Snmpuser,<*>(SNMP),SMM,Set trap user(Snmpuser) succeed \n",['188.18.3.80']
318,2020-04-07T20:02:49.000Z,"Snmpuser,188.18.3.80(SNMP),SMM,set trap format(object identifier (OID) mode) succeed\n",9b6e2388,"Snmpuser,<*>(SNMP),SMM,set trap format(object identifier (OID) mode) succeed\n",['188.18.3.80']
319,2020-04-07T21:03:08.000Z,"Snmpuser,188.18.3.80(SNMP),SMM,set snmp trap version(v3) succeed\n",3507a982,"Snmpuser,<*>(SNMP),SMM,set snmp trap version(v3) succeed\n",['188.18.3.80']
320,2020-04-07T21:03:09.000Z,"Snmpuser,188.18.3.80(SNMP),SMM,Set trap user(Snmpuser) succeed \n",de7bc200,"Snmpuser,<*>(SNMP),SMM,Set trap user(Snmpuser) succeed \n",['188.18.3.80']
321,2020-04-07T21:03:09.000Z,"Snmpuser,188.18.3.80(SNMP),SMM,set trap format(object identifier (OID) mode) succeed\n",9b6e2388,"Snmpuser,<*>(SNMP),SMM,set trap format(object identifier (OID) mode) succeed\n",['188.18.3.80']
322,2020-04-07T22:03:28.000Z,"Snmpuser,188.18.3.80(SNMP),SMM,set snmp trap version(v3) succeed\n",3507a982,"Snmpuser,<*>(SNMP),SMM,set snmp trap version(v3) succeed\n",['188.18.3.80']
323,2020-04-07T22:03:29.000Z,"Snmpuser,188.18.3.80(SNMP),SMM,Set trap user(Snmpuser) succeed \n",de7bc200,"Snmpuser,<*>(SNMP),SMM,Set trap user(Snmpuser) succeed \n",['188.18.3.80']
324,2020-04-07T22:03:29.000Z,"Snmpuser,188.18.3.80(SNMP),SMM,set trap format(object identifier (OID) mode) succeed\n",9b6e2388,"Snmpuser,<*>(SNMP),SMM,set trap format(object identifier (OID) mode) succeed\n",['188.18.3.80']
325,2020-04-07T23:03:49.000Z,"Snmpuser,188.18.3.80(SNMP),SMM,Set trap user(Snmpuser) succeed \n",de7bc200,"Snmpuser,<*>(SNMP),SMM,Set trap user(Snmpuser) succeed \n",['188.18.3.80']
326,2020-04-07T23:03:49.000Z,"Snmpuser,188.18.3.80(SNMP),SMM,set trap format(object identifier (OID) mode) succeed\n",9b6e2388,"Snmpuser,<*>(SNMP),SMM,set trap format(object identifier (OID) mode) succeed\n",['188.18.3.80']
327,2020-04-07T23:03:49.000Z,"Snmpuser,188.18.3.80(SNMP),SMM,set snmp trap version(v3) succeed\n",3507a982,"Snmpuser,<*>(SNMP),SMM,set snmp trap version(v3) succeed\n",['188.18.3.80']
328,2020-04-08T00:04:09.000Z,"Snmpuser,188.18.3.80(SNMP),SMM,set snmp trap version(v3) succeed\n",3507a982,"Snmpuser,<*>(SNMP),SMM,set snmp trap version(v3) succeed\n",['188.18.3.80']
329,2020-04-08T00:04:10.000Z,"Snmpuser,188.18.3.80(SNMP),SMM,Set trap user(Snmpuser) succeed \n",de7bc200,"Snmpuser,<*>(SNMP),SMM,Set trap user(Snmpuser) succeed \n",['188.18.3.80']
330,2020-04-08T00:04:10.000Z,"Snmpuser,188.18.3.80(SNMP),SMM,set trap format(object identifier (OID) mode) succeed\n",9b6e2388,"Snmpuser,<*>(SNMP),SMM,set trap format(object identifier (OID) mode) succeed\n",['188.18.3.80']
331,2020-04-08T01:04:29.000Z,"Snmpuser,188.18.3.80(SNMP),SMM,set snmp trap version(v3) succeed\n",3507a982,"Snmpuser,<*>(SNMP),SMM,set snmp trap version(v3) succeed\n",['188.18.3.80']
332,2020-04-08T01:04:29.000Z,"Snmpuser,188.18.3.80(SNMP),SMM,Set trap user(Snmpuser) succeed \n",de7bc200,"Snmpuser,<*>(SNMP),SMM,Set trap user(Snmpuser) succeed \n",['188.18.3.80']
333,2020-04-08T01:04:30.000Z,"Snmpuser,188.18.3.80(SNMP),SMM,set trap format(object identifier (OID) mode) succeed\n",9b6e2388,"Snmpuser,<*>(SNMP),SMM,set trap format(object identifier (OID) mode) succeed\n",['188.18.3.80']
334,2020-04-08T02:04:49.000Z,"Snmpuser,188.18.3.80(SNMP),SMM,set snmp trap version(v3) succeed\n",3507a982,"Snmpuser,<*>(SNMP),SMM,set snmp trap version(v3) succeed\n",['188.18.3.80']
335,2020-04-08T02:04:50.000Z,"Snmpuser,188.18.3.80(SNMP),SMM,Set trap user(Snmpuser) succeed \n",de7bc200,"Snmpuser,<*>(SNMP),SMM,Set trap user(Snmpuser) succeed \n",['188.18.3.80']
336,2020-04-08T02:04:50.000Z,"Snmpuser,188.18.3.80(SNMP),SMM,set trap format(object identifier (OID) mode) succeed\n",9b6e2388,"Snmpuser,<*>(SNMP),SMM,set trap format(object identifier (OID) mode) succeed\n",['188.18.3.80']
337,2020-04-08T03:05:09.000Z,"Snmpuser,188.18.3.80(SNMP),SMM,set snmp trap version(v3) succeed\n",3507a982,"Snmpuser,<*>(SNMP),SMM,set snmp trap version(v3) succeed\n",['188.18.3.80']
338,2020-04-08T03:05:09.000Z,"Snmpuser,188.18.3.80(SNMP),SMM,Set trap user(Snmpuser) succeed \n",de7bc200,"Snmpuser,<*>(SNMP),SMM,Set trap user(Snmpuser) succeed \n",['188.18.3.80']
339,2020-04-08T03:05:10.000Z,"Snmpuser,188.18.3.80(SNMP),SMM,set trap format(object identifier (OID) mode) succeed\n",9b6e2388,"Snmpuser,<*>(SNMP),SMM,set trap format(object identifier (OID) mode) succeed\n",['188.18.3.80']
340,2020-04-08T04:05:29.000Z,"Snmpuser,188.18.3.80(SNMP),SMM,Set trap user(Snmpuser) succeed \n",de7bc200,"Snmpuser,<*>(SNMP),SMM,Set trap user(Snmpuser) succeed \n",['188.18.3.80']
341,2020-04-08T04:05:29.000Z,"Snmpuser,188.18.3.80(SNMP),SMM,set snmp trap version(v3) succeed\n",3507a982,"Snmpuser,<*>(SNMP),SMM,set snmp trap version(v3) succeed\n",['188.18.3.80']
342,2020-04-08T04:05:30.000Z,"Snmpuser,188.18.3.80(SNMP),SMM,set trap format(object identifier (OID) mode) succeed\n",9b6e2388,"Snmpuser,<*>(SNMP),SMM,set trap format(object identifier (OID) mode) succeed\n",['188.18.3.80']
343,2020-04-08T05:05:49.000Z,"Snmpuser,188.18.3.80(SNMP),SMM,set snmp trap version(v3) succeed\n",3507a982,"Snmpuser,<*>(SNMP),SMM,set snmp trap version(v3) succeed\n",['188.18.3.80']
344,2020-04-08T05:05:50.000Z,"Snmpuser,188.18.3.80(SNMP),SMM,Set trap user(Snmpuser) succeed \n",de7bc200,"Snmpuser,<*>(SNMP),SMM,Set trap user(Snmpuser) succeed \n",['188.18.3.80']
345,2020-04-08T05:05:50.000Z,"Snmpuser,188.18.3.80(SNMP),SMM,set trap format(object identifier (OID) mode) succeed\n",9b6e2388,"Snmpuser,<*>(SNMP),SMM,set trap format(object identifier (OID) mode) succeed\n",['188.18.3.80']
346,2020-04-08T06:06:10.000Z,"Snmpuser,188.18.3.80(SNMP),SMM,Set trap user(Snmpuser) succeed \n",de7bc200,"Snmpuser,<*>(SNMP),SMM,Set trap user(Snmpuser) succeed \n",['188.18.3.80']
347,2020-04-08T06:06:10.000Z,"Snmpuser,188.18.3.80(SNMP),SMM,set snmp trap version(v3) succeed\n",3507a982,"Snmpuser,<*>(SNMP),SMM,set snmp trap version(v3) succeed\n",['188.18.3.80']
348,2020-04-08T06:06:10.000Z,"Snmpuser,188.18.3.80(SNMP),SMM,set trap format(object identifier (OID) mode) succeed\n",9b6e2388,"Snmpuser,<*>(SNMP),SMM,set trap format(object identifier (OID) mode) succeed\n",['188.18.3.80']
349,2020-04-08T07:06:30.000Z,"Snmpuser,188.18.3.80(SNMP),SMM,set snmp trap version(v3) succeed\n",3507a982,"Snmpuser,<*>(SNMP),SMM,set snmp trap version(v3) succeed\n",['188.18.3.80']
350,2020-04-08T07:06:31.000Z,"Snmpuser,188.18.3.80(SNMP),SMM,Set trap user(Snmpuser) succeed \n",de7bc200,"Snmpuser,<*>(SNMP),SMM,Set trap user(Snmpuser) succeed \n",['188.18.3.80']
351,2020-04-08T07:06:31.000Z,"Snmpuser,188.18.3.80(SNMP),SMM,set trap format(object identifier (OID) mode) succeed\n",9b6e2388,"Snmpuser,<*>(SNMP),SMM,set trap format(object identifier (OID) mode) succeed\n",['188.18.3.80']
352,2020-04-08T08:06:51.000Z,"Snmpuser,188.18.3.80(SNMP),SMM,set snmp trap version(v3) succeed\n",3507a982,"Snmpuser,<*>(SNMP),SMM,set snmp trap version(v3) succeed\n",['188.18.3.80']
353,2020-04-08T08:06:51.000Z,"Snmpuser,188.18.3.80(SNMP),SMM,Set trap user(Snmpuser) succeed \n",de7bc200,"Snmpuser,<*>(SNMP),SMM,Set trap user(Snmpuser) succeed \n",['188.18.3.80']
354,2020-04-08T08:06:52.000Z,"Snmpuser,188.18.3.80(SNMP),SMM,set trap format(object identifier (OID) mode) succeed\n",9b6e2388,"Snmpuser,<*>(SNMP),SMM,set trap format(object identifier (OID) mode) succeed\n",['188.18.3.80']
355,2020-04-08T09:07:11.000Z,"Snmpuser,188.18.3.80(SNMP),SMM,set snmp trap version(v3) succeed\n",3507a982,"Snmpuser,<*>(SNMP),SMM,set snmp trap version(v3) succeed\n",['188.18.3.80']
356,2020-04-08T09:07:12.000Z,"Snmpuser,188.18.3.80(SNMP),SMM,set trap format(object identifier (OID) mode) succeed\n",9b6e2388,"Snmpuser,<*>(SNMP),SMM,set trap format(object identifier (OID) mode) succeed\n",['188.18.3.80']
357,2020-04-08T09:07:12.000Z,"Snmpuser,188.18.3.80(SNMP),SMM,Set trap user(Snmpuser) succeed \n",de7bc200,"Snmpuser,<*>(SNMP),SMM,Set trap user(Snmpuser) succeed \n",['188.18.3.80']
